Unnamed: 0,hfx_pbe,hfx_scan,pbe-rf-5,pbe-rf-set-5
mn_2_ammonia-N-0-0_ammonia-N-0-0_ammonia-N-0-0_formaldehyde-O-1-0_ammonia-N-0-0_formaldehyde-O-1-0_6,49.44496154785156,43.11683654785156,49.88750612639566,train
fe_2_ome2-O-0-0_ome2-O-0-0_ome2-O-0-0_ome2-O-0-0_ome2-O-0-0_formaldehyde-O-1-0_5,29.305191040039062,37.29866027832031,31.174572448771045,train
fe_2_acetonitrile-N-1-0_acetonitrile-N-1-0_acetonitrile-N-1-0_acetonitrile-N-1-0_water-O-0-0_water-O-0-0_5,29.054489135742188,34.882965087890625,30.721565181282493,train
fe_2_chloride-Cl-0-d1_chloride-Cl-0-d1_chloride-Cl-0-d1_misc-C-4-0_misc-C-4-0_misc-C-4-0_5,31.734848022460938,34.99786376953125,33.90028272224723,train
mn_2_imidazole-N-2-0_imidazole-N-2-0_imidazole-N-2-0_pyridine-N-3-0_pyridine-N-3-0_pyridine-N-3-0_6,,,,
cr_2_furan-O-0-0_furan-O-0-0_ome2-O-0-0_ome2-O-0-0_furan-O-0-0_ome2-O-0-0_5,15.510330200195312,-47.47428894042969,34.56072325591794,train
cr_3_amine-N-0-d1_amine-N-0-d1_amine-N-0-d1_amine-N-0-d1_pyridine-N-3-0_pyridine-N-3-0_4,,,,
co_2_furan-O-0-0_furan-O-0-0_furan-O-0-0_furan-O-0-0_pyridine-N-3-0_pyridine-N-3-0_4,40.23727416992188,38.66630554199219,40.09893145530201,train
fe_2_SH2-S-0-0_SH2-S-0-0_SH2-S-0-0_SH2-S-0-0_SH2-S-0-0_thiocyanate-S-0-d1_5,30.462722778320312,33.679962158203125,34.9680775729643,train
fe_3_cs-C-0-0_cs-C-0-0_cs-C-0-0_pyridine-N-3-0_pyridine-N-3-0_pyridine-N-3-0_6,45.5145263671875,47.18742370605469,41.198055603774904,train
mn_2_SH2-S-0-0_SH2-S-0-0_SH2-S-0-0_SH2-S-0-0_cyanide-C-0-d1_cyanide-C-0-d1_6,62.53196716308594,58.25210571289063,50.9496954808852,train
mn_2_misc-C-4-0_misc-C-4-0_misc-C-4-0_misc-C-4-0_misc-C-4-0_SH2-S-0-0_6,49.629669189453125,45.96290588378906,49.90056996515157,train
cr_3_chloride-Cl-0-d1_chloride-Cl-0-d1_chloride-Cl-0-d1_chloride-Cl-0-d1_chloride-Cl-0-d1_fluoride-F-0-d1_4,264.1407775878906,2397.402801513672,72.91966111629038,train
mn_3_imidazole-N-2-0_imidazole-N-2-0_imidazole-N-2-0_pyridine-N-3-0_imidazole-N-2-0_pyridine-N-3-0_5,17.754135131835938,8.536529541015625,41.210335004229385,train
cr_2_ome2-O-0-0_ome2-O-0-0_ome2-O-0-0_ome2-O-0-0_ome2-O-0-0_water-O-0-0_5,52.4334716796875,35.29144287109375,43.66802700501301,train
fe_2_furan-O-0-0_furan-O-0-0_phosphine-P-0-0_phosphine-P-0-0_furan-O-0-0_phosphine-P-0-0_5,,,,
fe_2_phosphine-P-0-0_phosphine-P-0-0_phosphine-P-0-0_misc-C-4-0_misc-C-4-0_misc-C-4-0_5,33.59062194824219,35.02601623535156,35.27461153801746,train
fe_2_formaldehyde-O-1-0_formaldehyde-O-1-0_formaldehyde-O-1-0_formaldehyde-O-1-0_cs-C-0-0_cs-C-0-0_5,33.63563537597656,37.16682434082031,34.43901036765948,val
fe_3_furan-O-0-0_furan-O-0-0_furan-O-0-0_thiocyanate-S-0-d1_furan-O-0-0_thiocyanate-S-0-d1_6,27.76039123535156,61.60568237304688,30.547472896378572,train
mn_3_carbonyl-C-0-0_carbonyl-C-0-0_carbonyl-C-0-0_chloride-Cl-0-d1_carbonyl-C-0-0_chloride-Cl-0-d1_5,29.248046875,21.0931396484375,37.260430790368936,train
cr_2_chloride-Cl-0-d1_chloride-Cl-0-d1_chloride-Cl-0-d1_imidazole-N-2-0_imidazole-N-2-0_imidazole-N-2-0_5,20.01533508300781,7.118072509765625,25.27068020051612,train
fe_2_water-O-0-0_water-O-0-0_water-O-0-0_imidazole-N-2-0_water-O-0-0_imidazole-N-2-0_5,37.138214111328125,42.415618896484375,34.82950116779129,train
fe_2_carbonyl-C-0-0_carbonyl-C-0-0_carbonyl-C-0-0_chloride-Cl-0-d1_carbonyl-C-0-0_chloride-Cl-0-d1_5,31.303787231445312,34.59449768066406,33.10624324646148,train
cr_2_carbonyl-C-0-0_carbonyl-C-0-0_carbonyl-C-0-0_phosphine-P-0-0_carbonyl-C-0-0_phosphine-P-0-0_5,28.024444580078125,14.603424072265623,31.12542808592947,train
fe_3_acetonitrile-N-1-0_acetonitrile-N-1-0_acetonitrile-N-1-0_acetonitrile-N-1-0_acetonitrile-N-1-0_hydroxyl-O-0-d1_6,42.664947509765625,40.12351989746094,37.97960460698462,train
fe_2_ammonia-N-0-0_ammonia-N-0-0_ammonia-N-0-0_ammonia-N-0-0_chloride-Cl-0-d1_chloride-Cl-0-d1_5,33.42033386230469,37.63679504394531,39.97139713208083,train
fe_2_ammonia-N-0-0_ammonia-N-0-0_ammonia-N-0-0_water-O-0-0_water-O-0-0_water-O-0-0_5,33.49311828613281,38.51234436035156,42.60631493869761,train
fe_2_water-O-0-0_water-O-0-0_water-O-0-0_ome2-O-0-0_water-O-0-0_ome2-O-0-0_5,37.83607482910156,39.54124450683594,36.395231533978915,train
co_2_imidazole-N-2-0_imidazole-N-2-0_imidazole-N-2-0_imidazole-N-2-0_imidazole-N-2-0_imidazole-N-2-0_4,38.24531555175781,35.676116943359375,35.65755573674089,train
fe_2_fluoride-F-0-d1_fluoride-F-0-d1_fluoride-F-0-d1_pyridine-N-3-0_pyridine-N-3-0_pyridine-N-3-0_5,39.73976135253906,,,
fe_2_ammonia-N-0-0_ammonia-N-0-0_ammonia-N-0-0_cs-C-0-0_ammonia-N-0-0_cs-C-0-0_5,39.06768798828125,40.5816650390625,37.22634712807519,train
fe_2_ome2-O-0-0_ome2-O-0-0_phosphine-P-0-0_phosphine-P-0-0_ome2-O-0-0_phosphine-P-0-0_5,33.93089294433594,38.854522705078125,35.564180308613615,train
mn_2_SH2-S-0-0_SH2-S-0-0_SH2-S-0-0_SH2-S-0-0_SH2-S-0-0_cyanide-C-0-d1_6,,,,
cr_2_imidazole-N-2-0_imidazole-N-2-0_imidazole-N-2-0_imidazole-N-2-0_furan-O-0-0_furan-O-0-0_5,64.72480773925781,-24.00375366210937,,
co_2_pyridine-N-3-0_pyridine-N-3-0_pyridine-N-3-0_pyridine-N-3-0_carboxyl-O-1-d1_carboxyl-O-1-d1_4,38.85749816894531,37.63824462890625,,
cr_2_phosphine-P-0-0_phosphine-P-0-0_phosphine-P-0-0_phosphine-P-0-0_imidazole-N-2-0_imidazole-N-2-0_5,22.84271240234375,7.5998687744140625,27.0880304341359,train
mn_3_hydroxyl-O-0-d1_hydroxyl-O-0-d1_hydroxyl-O-0-d1_hydroxyl-O-0-d1_pyridine-N-3-0_pyridine-N-3-0_5,27.576446533203125,15.36773681640625,38.95870432895406,train
mn_2_water-O-0-0_water-O-0-0_water-O-0-0_water-O-0-0_misc-C-4-0_misc-C-4-0_6,45.10704040527344,43.20106506347656,,
cr_2_thiocyanate-S-0-d1_thiocyanate-S-0-d1_thiocyanate-S-0-d1_thiocyanate-S-0-d1_cs-C-0-0_cs-C-0-0_5,29.612579345703125,18.37875366210937,31.25415595577776,train
co_2_phosphine-P-0-0_phosphine-P-0-0_phosphine-P-0-0_phosphine-P-0-0_phosphine-P-0-0_thiocyanate-S-0-d1_4,8.357009887695312,27.594146728515625,,
mn_2_ammonia-N-0-0_ammonia-N-0-0_ammonia-N-0-0_ammonia-N-0-0_ammonia-N-0-0_carbonyl-C-0-0_6,54.696197509765625,50.43647766113281,55.51409042924939,train
co_3_carbonyl-C-0-0_carbonyl-C-0-0_chloride-Cl-0-d1_chloride-Cl-0-d1_carbonyl-C-0-0_chloride-Cl-0-d1_5,13.110122680664062,10.745010375976562,30.119909316396498,train
co_2_furan-O-0-0_furan-O-0-0_furan-O-0-0_acetonitrile-N-1-0_furan-O-0-0_acetonitrile-N-1-0_4,36.32339477539063,35.50819396972656,33.478781073417075,train
co_2_formaldehyde-O-1-0_formaldehyde-O-1-0_formaldehyde-O-1-0_acetonitrile-N-1-0_formaldehyde-O-1-0_acetonitrile-N-1-0_4,30.405731201171875,28.65272521972656,42.060634273350054,train
mn_3_formaldehyde-O-1-0_formaldehyde-O-1-0_formaldehyde-O-1-0_pyridine-N-3-0_formaldehyde-O-1-0_pyridine-N-3-0_5,26.735992431640625,,43.52070501218905,val
fe_2_acetonitrile-N-1-0_acetonitrile-N-1-0_acetonitrile-N-1-0_imidazole-N-2-0_imidazole-N-2-0_imidazole-N-2-0_5,33.11454772949219,37.9510498046875,29.85317936553742,val
fe_2_acetonitrile-N-1-0_acetonitrile-N-1-0_acetonitrile-N-1-0_acetonitrile-N-1-0_acetonitrile-N-1-0_ome2-O-0-0_5,30.550537109375,36.03309631347656,29.72151661640903,train
fe_2_carbonyl-C-0-0_carbonyl-C-0-0_carbonyl-C-0-0_carbonyl-C-0-0_carbonyl-C-0-0_furan-O-0-0_5,33.62327575683594,37.30201721191406,33.64936305195711,train
mn_2_phosphine-P-0-0_phosphine-P-0-0_phosphine-P-0-0_thiocyanate-S-0-d1_phosphine-P-0-0_thiocyanate-S-0-d1_6,52.19047546386719,45.0689697265625,51.02644650663106,train
fe_2_SH2-S-0-0_SH2-S-0-0_SH2-S-0-0_SH2-S-0-0_carbonyl-C-0-0_carbonyl-C-0-0_5,41.31843566894531,43.1585693359375,39.30144549823731,train
fe_2_ammonia-N-0-0_ammonia-N-0-0_ammonia-N-0-0_ammonia-N-0-0_ammonia-N-0-0_misc-C-4-0_5,36.72416687011719,39.96864318847656,37.01787430069096,train
mn_2_phosphine-P-0-0_phosphine-P-0-0_phosphine-P-0-0_phosphine-P-0-0_misc-C-4-0_misc-C-4-0_6,51.698760986328125,47.20848083496094,49.01500878992841,train
fe_2_ammonia-N-0-0_ammonia-N-0-0_ammonia-N-0-0_ammonia-N-0-0_furan-O-0-0_furan-O-0-0_5,31.60682678222656,36.595001220703125,32.37337787775814,train
cr_2_SH2-S-0-0_SH2-S-0-0_SH2-S-0-0_phosphine-P-0-0_SH2-S-0-0_phosphine-P-0-0_5,24.139938354492188,9.753341674804688,33.243702850603256,train
mn_2_ammonia-N-0-0_ammonia-N-0-0_ammonia-N-0-0_ammonia-N-0-0_phosphine-P-0-0_phosphine-P-0-0_6,,42.32673645019531,,
co_2_ome2-O-0-0_ome2-O-0-0_ome2-O-0-0_ome2-O-0-0_hydroxyl-O-0-d1_hydroxyl-O-0-d1_4,41.81602478027344,19.79400634765625,44.306297730740035,train
fe_2_formaldehyde-O-1-0_formaldehyde-O-1-0_formaldehyde-O-1-0_formaldehyde-O-1-0_formaldehyde-O-1-0_thiocyanate-S-0-d1_5,31.72431945800781,36.873779296875,31.612143095855714,train
mn_2_cs-C-0-0_cs-C-0-0_cs-C-0-0_cs-C-0-0_misc-C-4-0_misc-C-4-0_6,70.17112731933594,,53.449321512658855,val
cr_2_phosphine-P-0-0_phosphine-P-0-0_phosphine-P-0-0_phosphine-P-0-0_phosphine-P-0-0_thiocyanate-S-0-d1_5,27.674713134765625,7.499237060546875,,
cr_3_chloride-Cl-0-d1_chloride-Cl-0-d1_chloride-Cl-0-d1_chloride-Cl-0-d1_SH2-S-0-0_SH2-S-0-0_4,236.27975463867188,581.4971160888672,71.58387851972533,train
fe_2_furan-O-0-0_furan-O-0-0_furan-O-0-0_misc-C-4-0_furan-O-0-0_misc-C-4-0_5,29.62753295898437,36.58058166503906,31.52788223249778,train
mn_2_phosphine-P-0-0_phosphine-P-0-0_phosphine-P-0-0_phosphine-P-0-0_phosphine-P-0-0_SH2-S-0-0_6,50.001220703125,45.62095642089844,49.349603279221945,train
mn_3_cs-C-0-0_cs-C-0-0_misc-C-4-0_misc-C-4-0_cs-C-0-0_misc-C-4-0_5,,15.584182739257812,,
mn_2_misc-C-4-0_misc-C-4-0_misc-C-4-0_misc-C-4-0_acetonitrile-N-1-0_acetonitrile-N-1-0_6,58.9727783203125,,47.348579501600256,val
fe_3_ome2-O-0-0_ome2-O-0-0_ome2-O-0-0_pyridine-N-3-0_pyridine-N-3-0_pyridine-N-3-0_6,54.799346923828125,58.16429138183594,44.075409510274156,train
co_2_furan-O-0-0_furan-O-0-0_furan-O-0-0_imidazole-N-2-0_furan-O-0-0_imidazole-N-2-0_4,38.82369995117188,52.44972229003906,,
cr_3_formaldehyde-O-1-0_formaldehyde-O-1-0_formaldehyde-O-1-0_carbonyl-C-0-0_formaldehyde-O-1-0_carbonyl-C-0-0_4,241.75567626953125,722.2331237792969,62.3086320788742,train
fe_2_cs-C-0-0_cs-C-0-0_cs-C-0-0_cs-C-0-0_acetonitrile-N-1-0_acetonitrile-N-1-0_5,32.72743225097656,34.49134826660156,35.307004198436786,train
fe_2_cs-C-0-0_cs-C-0-0_cs-C-0-0_cs-C-0-0_furan-O-0-0_furan-O-0-0_5,36.557464599609375,38.83209228515625,36.35206973294991,train
cr_2_SH2-S-0-0_SH2-S-0-0_SH2-S-0-0_SH2-S-0-0_formaldehyde-O-1-0_formaldehyde-O-1-0_5,26.3275146484375,12.125015258789062,30.342819010516173,train
co_2_SH2-S-0-0_SH2-S-0-0_SH2-S-0-0_SH2-S-0-0_SH2-S-0-0_acetonitrile-N-1-0_4,59.64614868164063,56.07353210449219,49.04873513548313,train
cr_2_furan-O-0-0_furan-O-0-0_furan-O-0-0_furan-O-0-0_carboxyl-O-1-d1_carboxyl-O-1-d1_5,9.893264770507812,-68.29292297363281,21.96853652635734,train
mn_3_misc-C-4-0_misc-C-4-0_misc-C-4-0_misc-C-4-0_carbonyl-C-0-0_carbonyl-C-0-0_5,36.071319580078125,27.899246215820312,42.95302319379371,train
fe_2_furan-O-0-0_furan-O-0-0_furan-O-0-0_ome2-O-0-0_furan-O-0-0_ome2-O-0-0_5,27.61787414550781,35.56709289550781,28.857154150090636,train
co_2_cs-C-0-0_cs-C-0-0_furan-O-0-0_furan-O-0-0_cs-C-0-0_furan-O-0-0_4,37.718505859375,34.88494873046875,,
co_2_phosphine-P-0-0_phosphine-P-0-0_thiocyanate-S-0-d1_thiocyanate-S-0-d1_phosphine-P-0-0_thiocyanate-S-0-d1_4,39.044342041015625,36.16828918457031,40.987416425238756,train
mn_2_misc-C-4-0_misc-C-4-0_misc-C-4-0_misc-C-4-0_ome2-O-0-0_ome2-O-0-0_6,,,,
co_2_pyridine-N-3-0_pyridine-N-3-0_pyridine-N-3-0_pyridine-N-3-0_pyridine-N-3-0_amine-N-0-d1_4,40.22552490234375,39.25338745117188,42.81437542379757,train
fe_2_phosphine-P-0-0_phosphine-P-0-0_phosphine-P-0-0_ammonia-N-0-0_phosphine-P-0-0_ammonia-N-0-0_5,35.02723693847656,37.63725280761719,39.02198761170838,val
fe_2_SH2-S-0-0_SH2-S-0-0_SH2-S-0-0_SH2-S-0-0_SH2-S-0-0_carbonyl-C-0-0_5,35.66627502441406,38.32176208496094,37.1091535602641,train
mn_2_acetonitrile-N-1-0_acetonitrile-N-1-0_furan-O-0-0_furan-O-0-0_acetonitrile-N-1-0_furan-O-0-0_6,,,,
mn_2_ome2-O-0-0_ome2-O-0-0_ome2-O-0-0_cs-C-0-0_ome2-O-0-0_cs-C-0-0_6,47.93876647949219,45.35820007324219,52.88055093152701,train
co_2_acetonitrile-N-1-0_acetonitrile-N-1-0_acetonitrile-N-1-0_misc-C-4-0_misc-C-4-0_misc-C-4-0_4,46.35665893554688,42.923126220703125,37.34638592566836,train
co_3_fluoride-F-0-d1_fluoride-F-0-d1_fluoride-F-0-d1_imidazole-N-2-0_imidazole-N-2-0_imidazole-N-2-0_5,29.669418334960938,31.791915893554688,38.851496131532606,val
co_3_phosphine-P-0-0_phosphine-P-0-0_phosphine-P-0-0_pyridine-N-3-0_phosphine-P-0-0_pyridine-N-3-0_5,20.3814697265625,12.97576904296875,,
fe_3_misc-C-4-0_misc-C-4-0_misc-C-4-0_fluoride-F-0-d1_misc-C-4-0_fluoride-F-0-d1_6,45.96183776855469,44.75128173828125,40.85888674410255,train
fe_2_ome2-O-0-0_ome2-O-0-0_ome2-O-0-0_ome2-O-0-0_ome2-O-0-0_ome2-O-0-0_5,29.467544555664062,37.35710144042969,31.93138611784609,train
co_2_carbonyl-C-0-0_carbonyl-C-0-0_carbonyl-C-0-0_carbonyl-C-0-0_carbonyl-C-0-0_carbonyl-C-0-0_4,41.51382446289063,39.8541259765625,37.376728561349275,train
fe_2_pyridine-N-3-0_pyridine-N-3-0_pyridine-N-3-0_pyridine-N-3-0_pyridine-N-3-0_thiocyanate-S-0-d1_5,29.243698120117188,33.014068603515625,,
mn_3_water-O-0-0_water-O-0-0_water-O-0-0_fluoride-F-0-d1_water-O-0-0_fluoride-F-0-d1_5,28.495635986328125,18.78036499023437,60.379911459742715,train
co_2_cyanide-C-0-d1_cyanide-C-0-d1_cyanide-C-0-d1_cyanide-C-0-d1_ammonia-N-0-0_ammonia-N-0-0_4,40.34126281738281,37.30865478515625,41.89321882477001,train
fe_2_carboxyl-O-1-d1_carboxyl-O-1-d1_carboxyl-O-1-d1_carboxyl-O-1-d1_ome2-O-0-0_ome2-O-0-0_5,35.59295654296875,35.28106689453125,33.75682265657261,train
mn_2_thiocyanate-S-0-d1_thiocyanate-S-0-d1_thiocyanate-S-0-d1_SH2-S-0-0_SH2-S-0-0_SH2-S-0-0_6,,,,
mn_3_carbonyl-C-0-0_carbonyl-C-0-0_carbonyl-C-0-0_acetonitrile-N-1-0_carbonyl-C-0-0_acetonitrile-N-1-0_5,36.64680480957031,25.83358764648437,39.748700718888685,train
cr_2_ome2-O-0-0_ome2-O-0-0_ome2-O-0-0_formaldehyde-O-1-0_ome2-O-0-0_formaldehyde-O-1-0_5,15.949935913085938,2.5119781494140625,30.03829363286723,train
fe_2_ammonia-N-0-0_ammonia-N-0-0_ammonia-N-0-0_ammonia-N-0-0_ammonia-N-0-0_ome2-O-0-0_5,32.80998229980469,37.13081359863281,33.99628327292377,train
co_2_carbonyl-C-0-0_carbonyl-C-0-0_carbonyl-C-0-0_carbonyl-C-0-0_misc-C-4-0_misc-C-4-0_4,32.55424499511719,30.125961303710938,37.22128766928333,train
co_2_ome2-O-0-0_ome2-O-0-0_ome2-O-0-0_ome2-O-0-0_pyridine-N-3-0_pyridine-N-3-0_4,53.05732727050781,50.63278198242188,50.00335944408502,train
fe_2_carbonyl-C-0-0_carbonyl-C-0-0_carbonyl-C-0-0_pyridine-N-3-0_pyridine-N-3-0_pyridine-N-3-0_5,31.991958618164062,35.14045715332031,32.351189232812565,train
cr_3_imidazole-N-2-0_imidazole-N-2-0_imidazole-N-2-0_imidazole-N-2-0_hydroxyl-O-0-d1_hydroxyl-O-0-d1_4,162.35733032226562,919.9455261230468,62.95523873088867,train
fe_3_chloride-Cl-0-d1_chloride-Cl-0-d1_chloride-Cl-0-d1_chloride-Cl-0-d1_chloride-Cl-0-d1_pyridine-N-3-0_6,42.114105224609375,39.8651123046875,42.67754416734849,train
fe_2_phosphine-P-0-0_phosphine-P-0-0_phosphine-P-0-0_phosphine-P-0-0_phosphine-P-0-0_carboxyl-O-1-d1_5,32.14149475097656,29.1790771484375,35.730488581267316,train
cr_2_furan-O-0-0_furan-O-0-0_furan-O-0-0_furan-O-0-0_misc-C-4-0_misc-C-4-0_5,30.89950561523437,21.140899658203125,,
mn_2_ome2-O-0-0_ome2-O-0-0_ome2-O-0-0_carboxyl-O-1-d1_ome2-O-0-0_carboxyl-O-1-d1_6,51.87736511230469,91.14616394042967,47.39738286512929,train
mn_2_carbonyl-C-0-0_carbonyl-C-0-0_carbonyl-C-0-0_formaldehyde-O-1-0_carbonyl-C-0-0_formaldehyde-O-1-0_6,49.01031494140625,46.0931396484375,47.60948160872385,train
fe_3_cyanide-C-0-d1_cyanide-C-0-d1_cyanide-C-0-d1_chloride-Cl-0-d1_cyanide-C-0-d1_chloride-Cl-0-d1_6,39.71588134765625,37.26852416992188,38.07423505463601,train
fe_2_misc-C-4-0_misc-C-4-0_misc-C-4-0_misc-C-4-0_misc-C-4-0_carbonyl-C-0-0_5,32.98820495605469,34.727020263671875,35.697701370044705,train
cr_2_acetonitrile-N-1-0_acetonitrile-N-1-0_acetonitrile-N-1-0_pyridine-N-3-0_pyridine-N-3-0_pyridine-N-3-0_5,37.3529052734375,26.59950256347656,,
fe_3_ome2-O-0-0_ome2-O-0-0_ome2-O-0-0_ome2-O-0-0_ome2-O-0-0_cs-C-0-0_6,46.58660888671875,45.52993774414063,40.77072452196694,train
fe_2_ammonia-N-0-0_ammonia-N-0-0_ammonia-N-0-0_ammonia-N-0-0_ammonia-N-0-0_formaldehyde-O-1-0_5,33.504486083984375,37.82150268554688,36.30439048325783,val
co_2_SH2-S-0-0_SH2-S-0-0_SH2-S-0-0_SH2-S-0-0_acetonitrile-N-1-0_acetonitrile-N-1-0_4,40.70098876953125,7.373733520507812,40.051731937814196,train
fe_2_misc-C-4-0_misc-C-4-0_misc-C-4-0_water-O-0-0_misc-C-4-0_water-O-0-0_5,34.059906005859375,37.241058349609375,35.6935408630926,train
mn_3_chloride-Cl-0-d1_chloride-Cl-0-d1_chloride-Cl-0-d1_cs-C-0-0_cs-C-0-0_cs-C-0-0_5,34.936065673828125,26.803436279296875,34.18576816291705,train
co_3_misc-C-4-0_misc-C-4-0_misc-C-4-0_misc-C-4-0_thiocyanate-S-0-d1_thiocyanate-S-0-d1_5,10.438156127929688,1.043548583984375,21.585135058787976,train
cr_2_imidazole-N-2-0_imidazole-N-2-0_imidazole-N-2-0_imidazole-N-2-0_acetonitrile-N-1-0_acetonitrile-N-1-0_5,12.987060546875,-1.3213348388671875,27.344296016615843,val
fe_2_ammonia-N-0-0_ammonia-N-0-0_furan-O-0-0_furan-O-0-0_ammonia-N-0-0_furan-O-0-0_5,34.42008972167969,39.09111022949219,35.37675459017486,train
fe_2_carboxyl-O-1-d1_carboxyl-O-1-d1_carboxyl-O-1-d1_carboxyl-O-1-d1_furan-O-0-0_furan-O-0-0_5,29.16488647460937,34.775848388671875,31.786561497285934,train
fe_3_acetonitrile-N-1-0_acetonitrile-N-1-0_acetonitrile-N-1-0_misc-C-4-0_acetonitrile-N-1-0_misc-C-4-0_6,40.85479736328125,38.55010986328125,38.95224841554667,train
fe_2_formaldehyde-O-1-0_formaldehyde-O-1-0_formaldehyde-O-1-0_SH2-S-0-0_formaldehyde-O-1-0_SH2-S-0-0_5,33.23051452636719,37.55401611328125,35.1899235488863,train
cr_3_thiocyanate-S-0-d1_thiocyanate-S-0-d1_thiocyanate-S-0-d1_thiocyanate-S-0-d1_formaldehyde-O-1-0_formaldehyde-O-1-0_4,,25.566635131835938,,
mn_2_imidazole-N-2-0_imidazole-N-2-0_imidazole-N-2-0_imidazole-N-2-0_imidazole-N-2-0_misc-C-4-0_6,65.22529602050781,69.74342346191406,56.287651875506796,train
cr_3_cyanide-C-0-d1_cyanide-C-0-d1_cyanide-C-0-d1_chloride-Cl-0-d1_cyanide-C-0-d1_chloride-Cl-0-d1_4,,,,
co_2_phosphine-P-0-0_phosphine-P-0-0_phosphine-P-0-0_phosphine-P-0-0_phosphine-P-0-0_carbonyl-C-0-0_4,38.94523620605469,36.561279296875,41.4067880513388,val
fe_2_acetonitrile-N-1-0_acetonitrile-N-1-0_acetonitrile-N-1-0_acetonitrile-N-1-0_ome2-O-0-0_ome2-O-0-0_5,29.04975891113281,35.206756591796875,28.605624829152408,train
cr_2_acetonitrile-N-1-0_acetonitrile-N-1-0_acetonitrile-N-1-0_water-O-0-0_water-O-0-0_water-O-0-0_5,21.591033935546875,5.974273681640625,30.69024280389414,train
fe_3_pyridine-N-3-0_pyridine-N-3-0_pyridine-N-3-0_pyridine-N-3-0_hydroxyl-O-0-d1_hydroxyl-O-0-d1_6,43.40293884277344,42.08000183105469,39.928880698351925,train
cr_2_imidazole-N-2-0_imidazole-N-2-0_imidazole-N-2-0_imidazole-N-2-0_ome2-O-0-0_ome2-O-0-0_5,55.74882507324219,37.06024169921875,53.562417891993874,train
fe_2_acetonitrile-N-1-0_acetonitrile-N-1-0_acetonitrile-N-1-0_acetonitrile-N-1-0_acetonitrile-N-1-0_cs-C-0-0_5,30.411605834960938,34.1973876953125,32.27158456074243,train
fe_2_carbonyl-C-0-0_carbonyl-C-0-0_carbonyl-C-0-0_carbonyl-C-0-0_SH2-S-0-0_SH2-S-0-0_5,34.934234619140625,37.1331787109375,35.91912547047837,train
co_2_formaldehyde-O-1-0_formaldehyde-O-1-0_formaldehyde-O-1-0_formaldehyde-O-1-0_formaldehyde-O-1-0_amine-N-0-d1_4,40.867919921875,,,
fe_2_pyridine-N-3-0_pyridine-N-3-0_pyridine-N-3-0_pyridine-N-3-0_furan-O-0-0_furan-O-0-0_5,27.621994018554688,27.97889709472656,32.53213903675012,train
co_2_cs-C-0-0_cs-C-0-0_cs-C-0-0_cs-C-0-0_cs-C-0-0_acetonitrile-N-1-0_4,47.95158386230469,43.07525634765625,41.82844309904691,train
fe_3_hydroxyl-O-0-d1_hydroxyl-O-0-d1_hydroxyl-O-0-d1_hydroxyl-O-0-d1_imidazole-N-2-0_imidazole-N-2-0_6,45.33302307128906,43.52104187011719,41.897861934243295,train
mn_2_cyanide-C-0-d1_cyanide-C-0-d1_cyanide-C-0-d1_cyanide-C-0-d1_acetonitrile-N-1-0_acetonitrile-N-1-0_6,44.25048828125,39.95033264160156,50.08168355593501,val
fe_2_SH2-S-0-0_SH2-S-0-0_SH2-S-0-0_SH2-S-0-0_SH2-S-0-0_SH2-S-0-0_5,35.219879150390625,38.1341552734375,38.02208361109296,train
mn_3_cyanide-C-0-d1_cyanide-C-0-d1_imidazole-N-2-0_imidazole-N-2-0_cyanide-C-0-d1_imidazole-N-2-0_5,32.47123718261719,21.65687561035156,38.43379898238596,train
fe_2_furan-O-0-0_furan-O-0-0_furan-O-0-0_ome2-O-0-0_ome2-O-0-0_ome2-O-0-0_5,33.37493896484375,36.419219970703125,31.13082213149747,val
mn_2_pyridine-N-3-0_pyridine-N-3-0_pyridine-N-3-0_pyridine-N-3-0_pyridine-N-3-0_acetonitrile-N-1-0_6,,,,
fe_2_SH2-S-0-0_SH2-S-0-0_SH2-S-0-0_SH2-S-0-0_SH2-S-0-0_cs-C-0-0_5,34.554290771484375,39.50706481933594,36.134863518036234,train
fe_3_water-O-0-0_water-O-0-0_water-O-0-0_water-O-0-0_thiocyanate-S-0-d1_thiocyanate-S-0-d1_6,48.00796508789063,57.47833251953125,42.315944547243625,train
cr_3_formaldehyde-O-1-0_formaldehyde-O-1-0_formaldehyde-O-1-0_formaldehyde-O-1-0_thiocyanate-S-0-d1_thiocyanate-S-0-d1_4,138.45970153808594,,30.707251625335733,val
mn_2_imidazole-N-2-0_imidazole-N-2-0_imidazole-N-2-0_cs-C-0-0_imidazole-N-2-0_cs-C-0-0_6,43.262786865234375,,,
fe_2_ammonia-N-0-0_ammonia-N-0-0_ammonia-N-0-0_ammonia-N-0-0_acetonitrile-N-1-0_acetonitrile-N-1-0_5,36.29402160644531,39.93980407714844,35.176531067308076,train
co_3_carbonyl-C-0-0_carbonyl-C-0-0_carbonyl-C-0-0_carbonyl-C-0-0_carbonyl-C-0-0_water-O-0-0_5,27.168197631835938,26.114578247070312,33.17302022994509,train
fe_3_chloride-Cl-0-d1_chloride-Cl-0-d1_chloride-Cl-0-d1_imidazole-N-2-0_imidazole-N-2-0_imidazole-N-2-0_6,39.62059020996094,39.472198486328125,35.50082965545589,train
fe_2_ome2-O-0-0_ome2-O-0-0_ome2-O-0-0_ome2-O-0-0_ammonia-N-0-0_ammonia-N-0-0_5,30.263671875,36.46644592285156,35.783433249355944,train
fe_3_thiocyanate-S-0-d1_thiocyanate-S-0-d1_thiocyanate-S-0-d1_cs-C-0-0_thiocyanate-S-0-d1_cs-C-0-0_6,13.200836181640623,10.850448608398438,26.5650115242699,train
fe_2_pyridine-N-3-0_pyridine-N-3-0_pyridine-N-3-0_pyridine-N-3-0_acetonitrile-N-1-0_acetonitrile-N-1-0_5,25.91011047363281,29.37042236328125,31.368940581598423,train
cr_2_ome2-O-0-0_ome2-O-0-0_ome2-O-0-0_thiocyanate-S-0-d1_thiocyanate-S-0-d1_thiocyanate-S-0-d1_5,64.232177734375,46.03057861328125,39.21510185883736,train
co_2_misc-C-4-0_misc-C-4-0_misc-C-4-0_misc-C-4-0_misc-C-4-0_amine-N-0-d1_4,,,,
mn_2_pyridine-N-3-0_pyridine-N-3-0_pyridine-N-3-0_ome2-O-0-0_pyridine-N-3-0_ome2-O-0-0_6,,41.8963623046875,,
fe_2_ome2-O-0-0_ome2-O-0-0_ome2-O-0-0_SH2-S-0-0_ome2-O-0-0_SH2-S-0-0_5,38.61831665039063,38.57292175292969,38.66398767137922,train
fe_2_water-O-0-0_water-O-0-0_water-O-0-0_water-O-0-0_carbonyl-C-0-0_carbonyl-C-0-0_5,33.97865295410156,40.29441833496094,37.86344513891117,train
mn_2_acetonitrile-N-1-0_acetonitrile-N-1-0_acetonitrile-N-1-0_pyridine-N-3-0_pyridine-N-3-0_pyridine-N-3-0_6,69.47685241699219,78.13163757324219,,
co_2_imidazole-N-2-0_imidazole-N-2-0_imidazole-N-2-0_imidazole-N-2-0_imidazole-N-2-0_acetonitrile-N-1-0_4,,,,
mn_2_SH2-S-0-0_SH2-S-0-0_SH2-S-0-0_SH2-S-0-0_water-O-0-0_water-O-0-0_6,,60.0,,
mn_2_furan-O-0-0_furan-O-0-0_water-O-0-0_water-O-0-0_furan-O-0-0_water-O-0-0_6,,,,
co_3_acetonitrile-N-1-0_acetonitrile-N-1-0_acetonitrile-N-1-0_acetonitrile-N-1-0_fluoride-F-0-d1_fluoride-F-0-d1_5,28.05267333984375,31.34017944335937,34.33899911249696,train
mn_2_imidazole-N-2-0_imidazole-N-2-0_imidazole-N-2-0_imidazole-N-2-0_ome2-O-0-0_ome2-O-0-0_6,43.97056579589844,,56.430331707521525,val
co_2_carboxyl-O-1-d1_carboxyl-O-1-d1_carboxyl-O-1-d1_carboxyl-O-1-d1_ammonia-N-0-0_ammonia-N-0-0_4,66.91566467285156,37.488555908203125,55.4480954050544,train
co_2_imidazole-N-2-0_imidazole-N-2-0_imidazole-N-2-0_imidazole-N-2-0_imidazole-N-2-0_amine-N-0-d1_4,68.67324829101562,38.06396484375,46.93202858697429,train
fe_2_formaldehyde-O-1-0_formaldehyde-O-1-0_formaldehyde-O-1-0_water-O-0-0_water-O-0-0_water-O-0-0_5,32.63465881347656,38.65089416503906,33.64470067801758,train
mn_3_carbonyl-C-0-0_carbonyl-C-0-0_carbonyl-C-0-0_carbonyl-C-0-0_ammonia-N-0-0_ammonia-N-0-0_5,22.265853881835938,11.117477416992188,36.59094676594951,train
fe_3_cs-C-0-0_cs-C-0-0_cs-C-0-0_ammonia-N-0-0_cs-C-0-0_ammonia-N-0-0_6,45.1910400390625,38.86100769042969,42.94434878466384,train
cr_2_ome2-O-0-0_ome2-O-0-0_ome2-O-0-0_ome2-O-0-0_ome2-O-0-0_chloride-Cl-0-d1_5,10.164947509765623,-13.610763549804688,23.165905675611338,train
mn_3_formaldehyde-O-1-0_formaldehyde-O-1-0_pyridine-N-3-0_pyridine-N-3-0_formaldehyde-O-1-0_pyridine-N-3-0_5,31.329345703125,18.246612548828125,37.14362852923467,train
co_2_ome2-O-0-0_ome2-O-0-0_ome2-O-0-0_ome2-O-0-0_cyanide-C-0-d1_cyanide-C-0-d1_4,43.1060791015625,41.00189208984375,37.348852136294774,val
fe_3_pyridine-N-3-0_pyridine-N-3-0_pyridine-N-3-0_phosphine-P-0-0_pyridine-N-3-0_phosphine-P-0-0_6,47.01812744140625,49.199981689453125,43.30796070842319,train
mn_3_phosphine-P-0-0_phosphine-P-0-0_phosphine-P-0-0_phosphine-P-0-0_formaldehyde-O-1-0_formaldehyde-O-1-0_5,17.674407958984375,,39.65546521345761,val
cr_3_pyridine-N-3-0_pyridine-N-3-0_pyridine-N-3-0_pyridine-N-3-0_hydroxyl-O-0-d1_hydroxyl-O-0-d1_4,145.87875366210938,371.9970703125,66.52277044483107,train
co_2_carboxyl-O-1-d1_carboxyl-O-1-d1_carboxyl-O-1-d1_pyridine-N-3-0_carboxyl-O-1-d1_pyridine-N-3-0_4,107.00180053710938,113.98933410644533,55.93547115704898,train
fe_2_furan-O-0-0_furan-O-0-0_furan-O-0-0_furan-O-0-0_imidazole-N-2-0_imidazole-N-2-0_5,26.888656616210938,33.67607116699219,,
co_2_phosphine-P-0-0_phosphine-P-0-0_phosphine-P-0-0_thiocyanate-S-0-d1_phosphine-P-0-0_thiocyanate-S-0-d1_4,46.84135437011719,43.99650573730469,43.33057427623608,train
cr_2_phosphine-P-0-0_phosphine-P-0-0_phosphine-P-0-0_phosphine-P-0-0_phosphine-P-0-0_acetonitrile-N-1-0_5,51.05934143066406,36.46125793457031,33.299893684001354,val
fe_3_cs-C-0-0_cs-C-0-0_cs-C-0-0_cyanide-C-0-d1_cs-C-0-0_cyanide-C-0-d1_6,42.81532287597656,40.24688720703125,40.81342760987229,train
mn_2_ome2-O-0-0_ome2-O-0-0_ome2-O-0-0_misc-C-4-0_misc-C-4-0_misc-C-4-0_6,86.99195861816406,75.0,63.78067508130269,train
mn_2_misc-C-4-0_misc-C-4-0_misc-C-4-0_misc-C-4-0_misc-C-4-0_ome2-O-0-0_6,49.21638488769531,42.499847412109375,47.7770864169401,train
mn_2_ome2-O-0-0_ome2-O-0-0_ome2-O-0-0_ome2-O-0-0_ome2-O-0-0_phosphine-P-0-0_6,,24.58953857421875,,
co_2_furan-O-0-0_furan-O-0-0_furan-O-0-0_furan-O-0-0_chloride-Cl-0-d1_chloride-Cl-0-d1_4,78.07579040527344,,,
co_2_misc-C-4-0_misc-C-4-0_misc-C-4-0_misc-C-4-0_misc-C-4-0_imidazole-N-2-0_4,39.09019470214844,44.81407165527344,,
co_3_thiocyanate-S-0-d1_thiocyanate-S-0-d1_misc-C-4-0_misc-C-4-0_thiocyanate-S-0-d1_misc-C-4-0_5,17.811431884765625,9.181671142578123,22.0434016401922,train
fe_2_formaldehyde-O-1-0_formaldehyde-O-1-0_formaldehyde-O-1-0_formaldehyde-O-1-0_carbonyl-C-0-0_carbonyl-C-0-0_5,33.58154296875,37.95021057128906,36.00148285422821,train
fe_3_ome2-O-0-0_ome2-O-0-0_ome2-O-0-0_phosphine-P-0-0_ome2-O-0-0_phosphine-P-0-0_6,60.19630432128906,54.08470153808594,46.82776402480341,train
fe_2_ome2-O-0-0_ome2-O-0-0_ome2-O-0-0_acetonitrile-N-1-0_ome2-O-0-0_acetonitrile-N-1-0_5,29.303970336914062,36.25480651855469,30.868090017333245,train
fe_3_imidazole-N-2-0_imidazole-N-2-0_imidazole-N-2-0_formaldehyde-O-1-0_imidazole-N-2-0_formaldehyde-O-1-0_6,,34.022369384765625,,
mn_2_imidazole-N-2-0_imidazole-N-2-0_imidazole-N-2-0_imidazole-N-2-0_imidazole-N-2-0_chloride-Cl-0-d1_6,47.86125183105469,43.12187194824219,,
fe_2_ammonia-N-0-0_ammonia-N-0-0_ammonia-N-0-0_carbonyl-C-0-0_carbonyl-C-0-0_carbonyl-C-0-0_5,35.11772155761719,38.27407836914063,38.30266234151292,train
fe_2_furan-O-0-0_furan-O-0-0_furan-O-0-0_SH2-S-0-0_SH2-S-0-0_SH2-S-0-0_5,33.31855773925781,37.88780212402344,36.088749513080195,train
fe_2_ammonia-N-0-0_ammonia-N-0-0_ammonia-N-0-0_ammonia-N-0-0_pyridine-N-3-0_pyridine-N-3-0_5,33.34739685058594,36.86744689941406,31.74392945330792,train
mn_2_carbonyl-C-0-0_carbonyl-C-0-0_carbonyl-C-0-0_carbonyl-C-0-0_carbonyl-C-0-0_cs-C-0-0_6,54.136505126953125,50.31021118164063,52.335741740252686,train
fe_2_cs-C-0-0_cs-C-0-0_cs-C-0-0_cs-C-0-0_cs-C-0-0_SH2-S-0-0_5,34.65766906738281,,,
fe_2_formaldehyde-O-1-0_formaldehyde-O-1-0_formaldehyde-O-1-0_pyridine-N-3-0_pyridine-N-3-0_pyridine-N-3-0_5,36.35040283203125,,,
fe_2_phosphine-P-0-0_phosphine-P-0-0_phosphine-P-0-0_phosphine-P-0-0_water-O-0-0_water-O-0-0_5,35.819091796875,39.144287109375,38.47220054832075,train
fe_3_formaldehyde-O-1-0_formaldehyde-O-1-0_formaldehyde-O-1-0_phosphine-P-0-0_phosphine-P-0-0_phosphine-P-0-0_6,54.16130065917969,,41.361467464338645,val
cr_2_ammonia-N-0-0_ammonia-N-0-0_ammonia-N-0-0_carboxyl-O-1-d1_carboxyl-O-1-d1_carboxyl-O-1-d1_5,17.538681030273438,1.310577392578125,29.63551846272065,train
fe_2_water-O-0-0_water-O-0-0_water-O-0-0_water-O-0-0_water-O-0-0_carbonyl-C-0-0_5,33.009796142578125,39.82521057128906,40.86896712662709,val
fe_2_ammonia-N-0-0_ammonia-N-0-0_ammonia-N-0-0_formaldehyde-O-1-0_formaldehyde-O-1-0_formaldehyde-O-1-0_5,32.399444580078125,37.44041442871094,33.471455186785356,train
cr_2_pyridine-N-3-0_pyridine-N-3-0_pyridine-N-3-0_pyridine-N-3-0_pyridine-N-3-0_hydroxyl-O-0-d1_5,29.437179565429688,18.165740966796875,42.57494195860041,val
cr_2_cs-C-0-0_cs-C-0-0_cs-C-0-0_cs-C-0-0_formaldehyde-O-1-0_formaldehyde-O-1-0_5,32.79441833496094,22.083969116210938,32.5087488545693,train
co_2_imidazole-N-2-0_imidazole-N-2-0_imidazole-N-2-0_thiocyanate-S-0-d1_thiocyanate-S-0-d1_thiocyanate-S-0-d1_4,32.347869873046875,30.425262451171875,,
mn_2_cs-C-0-0_cs-C-0-0_cs-C-0-0_cs-C-0-0_cs-C-0-0_hydroxyl-O-0-d1_6,52.304534912109375,,,
cr_2_imidazole-N-2-0_imidazole-N-2-0_imidazole-N-2-0_imidazole-N-2-0_ammonia-N-0-0_ammonia-N-0-0_5,32.14698791503906,22.491226196289062,34.452757626402146,train
mn_2_phosphine-P-0-0_phosphine-P-0-0_phosphine-P-0-0_SH2-S-0-0_SH2-S-0-0_SH2-S-0-0_6,54.37583923339844,48.261566162109375,51.72689542107491,train
mn_3_chloride-Cl-0-d1_chloride-Cl-0-d1_chloride-Cl-0-d1_cyanide-C-0-d1_chloride-Cl-0-d1_cyanide-C-0-d1_5,13.7457275390625,1.446075439453125,30.591399607093102,train
fe_2_formaldehyde-O-1-0_formaldehyde-O-1-0_misc-C-4-0_misc-C-4-0_formaldehyde-O-1-0_misc-C-4-0_5,34.195404052734375,37.45201110839844,34.08058400182379,train
fe_3_carbonyl-C-0-0_carbonyl-C-0-0_carbonyl-C-0-0_water-O-0-0_carbonyl-C-0-0_water-O-0-0_6,45.53924560546875,43.91075134277344,41.72111325763572,train
cr_2_cs-C-0-0_cs-C-0-0_cs-C-0-0_pyridine-N-3-0_cs-C-0-0_pyridine-N-3-0_5,48.209381103515625,40.46089172363281,36.86911968945212,train
co_2_pyridine-N-3-0_pyridine-N-3-0_pyridine-N-3-0_pyridine-N-3-0_cyanide-C-0-d1_cyanide-C-0-d1_4,43.39576721191406,38.52867126464844,,
mn_3_cs-C-0-0_cs-C-0-0_cs-C-0-0_hydroxyl-O-0-d1_cs-C-0-0_hydroxyl-O-0-d1_5,35.29296875,22.530441284179688,39.79895118224051,train
cr_2_misc-C-4-0_misc-C-4-0_misc-C-4-0_misc-C-4-0_misc-C-4-0_furan-O-0-0_5,25.197830200195312,11.512603759765623,22.770514281364758,train
co_3_carbonyl-C-0-0_carbonyl-C-0-0_carbonyl-C-0-0_carbonyl-C-0-0_cs-C-0-0_cs-C-0-0_5,25.565643310546875,21.169509887695312,31.43783783679481,train
mn_3_ome2-O-0-0_ome2-O-0-0_ome2-O-0-0_ome2-O-0-0_ome2-O-0-0_carboxyl-O-1-d1_5,-35.541839599609375,,44.09962538959843,val
fe_3_carboxyl-O-1-d1_carboxyl-O-1-d1_carboxyl-O-1-d1_fluoride-F-0-d1_fluoride-F-0-d1_fluoride-F-0-d1_6,34.247283935546875,,40.877224094137034,val
cr_2_furan-O-0-0_furan-O-0-0_furan-O-0-0_phosphine-P-0-0_furan-O-0-0_phosphine-P-0-0_5,11.823348999023438,-1.435546875,32.53479692067484,val
mn_2_pyridine-N-3-0_pyridine-N-3-0_pyridine-N-3-0_pyridine-N-3-0_pyridine-N-3-0_furan-O-0-0_6,,,,
fe_2_acetonitrile-N-1-0_acetonitrile-N-1-0_acetonitrile-N-1-0_water-O-0-0_water-O-0-0_water-O-0-0_5,30.93086242675781,37.0001220703125,31.620631400687476,train
mn_3_water-O-0-0_water-O-0-0_water-O-0-0_water-O-0-0_thiocyanate-S-0-d1_thiocyanate-S-0-d1_5,29.91127014160156,20.393218994140625,38.8333191109937,val
cr_2_ome2-O-0-0_ome2-O-0-0_ome2-O-0-0_ome2-O-0-0_acetonitrile-N-1-0_acetonitrile-N-1-0_5,57.07939147949219,41.00883483886719,,
mn_2_ome2-O-0-0_ome2-O-0-0_ome2-O-0-0_ome2-O-0-0_fluoride-F-0-d1_fluoride-F-0-d1_6,88.07830810546875,64.53773498535156,,
co_2_SH2-S-0-0_SH2-S-0-0_SH2-S-0-0_imidazole-N-2-0_SH2-S-0-0_imidazole-N-2-0_4,38.26499938964844,35.618438720703125,35.33927837349913,train
cr_2_ome2-O-0-0_ome2-O-0-0_ome2-O-0-0_chloride-Cl-0-d1_ome2-O-0-0_chloride-Cl-0-d1_5,34.16572570800781,18.745574951171875,32.76124010681361,train
mn_3_acetonitrile-N-1-0_acetonitrile-N-1-0_acetonitrile-N-1-0_acetonitrile-N-1-0_SH2-S-0-0_SH2-S-0-0_5,19.5721435546875,7.573699951171875,35.03641301661357,val
mn_2_cs-C-0-0_cs-C-0-0_formaldehyde-O-1-0_formaldehyde-O-1-0_cs-C-0-0_formaldehyde-O-1-0_6,,,,
co_2_water-O-0-0_water-O-0-0_water-O-0-0_water-O-0-0_furan-O-0-0_furan-O-0-0_4,34.66896057128906,33.89923095703125,40.912670599236336,train
cr_2_ome2-O-0-0_ome2-O-0-0_ome2-O-0-0_water-O-0-0_ome2-O-0-0_water-O-0-0_5,18.38050842285156,2.806854248046875,,
co_3_phosphine-P-0-0_phosphine-P-0-0_phosphine-P-0-0_phosphine-P-0-0_carboxyl-O-1-d1_carboxyl-O-1-d1_5,1.3543701171875,-15.835723876953123,26.508655342332194,train
fe_2_ome2-O-0-0_ome2-O-0-0_ome2-O-0-0_ome2-O-0-0_ome2-O-0-0_furan-O-0-0_5,28.962326049804688,,32.95850730290578,val
mn_2_imidazole-N-2-0_imidazole-N-2-0_imidazole-N-2-0_imidazole-N-2-0_imidazole-N-2-0_thiocyanate-S-0-d1_6,,,,
cr_2_chloride-Cl-0-d1_chloride-Cl-0-d1_chloride-Cl-0-d1_furan-O-0-0_furan-O-0-0_furan-O-0-0_5,31.81243896484375,15.952224731445312,28.731775978458142,train
cr_2_ome2-O-0-0_ome2-O-0-0_ome2-O-0-0_ome2-O-0-0_ome2-O-0-0_furan-O-0-0_5,47.920684814453125,30.407638549804688,41.74753563507119,train
co_2_cs-C-0-0_cs-C-0-0_phosphine-P-0-0_phosphine-P-0-0_cs-C-0-0_phosphine-P-0-0_4,43.703460693359375,40.31044006347656,42.30564639574575,train
fe_3_cyanide-C-0-d1_cyanide-C-0-d1_cyanide-C-0-d1_hydroxyl-O-0-d1_cyanide-C-0-d1_hydroxyl-O-0-d1_6,56.31324768066406,61.837921142578125,46.3666070515901,train
cr_3_ammonia-N-0-0_ammonia-N-0-0_imidazole-N-2-0_imidazole-N-2-0_ammonia-N-0-0_imidazole-N-2-0_4,34.53956604003906,-92.66365051269533,,
fe_2_formaldehyde-O-1-0_formaldehyde-O-1-0_formaldehyde-O-1-0_formaldehyde-O-1-0_formaldehyde-O-1-0_acetonitrile-N-1-0_5,31.313247680664062,36.59591674804688,32.097328069613106,train
fe_3_carbonyl-C-0-0_carbonyl-C-0-0_carbonyl-C-0-0_carbonyl-C-0-0_carbonyl-C-0-0_thiocyanate-S-0-d1_6,,132.78953552246094,,
co_2_misc-C-4-0_misc-C-4-0_misc-C-4-0_misc-C-4-0_cs-C-0-0_cs-C-0-0_4,45.59486389160156,39.67521667480469,39.23499846804357,train
co_2_cs-C-0-0_cs-C-0-0_water-O-0-0_water-O-0-0_cs-C-0-0_water-O-0-0_4,39.029388427734375,37.21214294433594,37.67338042211156,train
co_2_misc-C-4-0_misc-C-4-0_misc-C-4-0_misc-C-4-0_misc-C-4-0_SH2-S-0-0_4,45.55000305175781,41.63230895996094,40.61943192109138,train
cr_2_thiocyanate-S-0-d1_thiocyanate-S-0-d1_thiocyanate-S-0-d1_thiocyanate-S-0-d1_carbonyl-C-0-0_carbonyl-C-0-0_5,36.78550720214844,25.74691772460937,35.353129112200456,train
mn_2_cs-C-0-0_cs-C-0-0_cs-C-0-0_SH2-S-0-0_SH2-S-0-0_SH2-S-0-0_6,,,,
co_3_imidazole-N-2-0_imidazole-N-2-0_imidazole-N-2-0_ome2-O-0-0_imidazole-N-2-0_ome2-O-0-0_5,7.042083740234375,0.3896331787109375,28.058110955844384,train
co_2_pyridine-N-3-0_pyridine-N-3-0_pyridine-N-3-0_pyridine-N-3-0_pyridine-N-3-0_furan-O-0-0_4,34.08439636230469,31.418609619140625,,
fe_2_ome2-O-0-0_ome2-O-0-0_ome2-O-0-0_ome2-O-0-0_formaldehyde-O-1-0_formaldehyde-O-1-0_5,29.99847412109375,37.376708984375,29.867168582460963,train
fe_2_ammonia-N-0-0_ammonia-N-0-0_ammonia-N-0-0_ammonia-N-0-0_SH2-S-0-0_SH2-S-0-0_5,34.66819763183594,38.29216003417969,37.71257439654959,train
cr_3_carbonyl-C-0-0_carbonyl-C-0-0_carbonyl-C-0-0_cyanide-C-0-d1_carbonyl-C-0-0_cyanide-C-0-d1_4,146.29013061523438,,,
mn_2_SH2-S-0-0_SH2-S-0-0_SH2-S-0-0_SH2-S-0-0_imidazole-N-2-0_imidazole-N-2-0_6,,49.05929565429688,,
fe_2_furan-O-0-0_furan-O-0-0_furan-O-0-0_furan-O-0-0_fluoride-F-0-d1_fluoride-F-0-d1_5,23.975830078125,35.37818908691406,34.51376892012735,train
mn_3_cyanide-C-0-d1_cyanide-C-0-d1_cyanide-C-0-d1_pyridine-N-3-0_pyridine-N-3-0_pyridine-N-3-0_5,46.15730285644531,36.043548583984375,41.88731690692455,train
fe_2_formaldehyde-O-1-0_formaldehyde-O-1-0_SH2-S-0-0_SH2-S-0-0_formaldehyde-O-1-0_SH2-S-0-0_5,35.19866943359375,37.90687561035156,35.953141696364426,train
fe_3_carbonyl-C-0-0_carbonyl-C-0-0_carbonyl-C-0-0_phosphine-P-0-0_phosphine-P-0-0_phosphine-P-0-0_6,47.65716552734375,39.67803955078125,44.34745886025676,train
mn_3_formaldehyde-O-1-0_formaldehyde-O-1-0_formaldehyde-O-1-0_formaldehyde-O-1-0_formaldehyde-O-1-0_fluoride-F-0-d1_5,31.84188842773437,2.049789428710937,35.31753186719984,train
co_2_ome2-O-0-0_ome2-O-0-0_ome2-O-0-0_ome2-O-0-0_ome2-O-0-0_acetonitrile-N-1-0_4,46.84700012207031,45.57151794433594,51.66745622579205,train
cr_3_pyridine-N-3-0_pyridine-N-3-0_pyridine-N-3-0_pyridine-N-3-0_chloride-Cl-0-d1_chloride-Cl-0-d1_4,30.48652648925781,4.815521240234375,30.353718117023607,train
fe_3_pyridine-N-3-0_pyridine-N-3-0_pyridine-N-3-0_pyridine-N-3-0_pyridine-N-3-0_carbonyl-C-0-0_6,41.11846923828125,38.18389892578125,40.793445576679844,train
fe_2_imidazole-N-2-0_imidazole-N-2-0_imidazole-N-2-0_imidazole-N-2-0_imidazole-N-2-0_misc-C-4-0_5,29.818115234375,37.97164916992188,,
fe_3_misc-C-4-0_misc-C-4-0_misc-C-4-0_misc-C-4-0_pyridine-N-3-0_pyridine-N-3-0_6,,,,
mn_2_cs-C-0-0_cs-C-0-0_cs-C-0-0_cs-C-0-0_thiocyanate-S-0-d1_thiocyanate-S-0-d1_6,62.215118408203125,66.65390014648438,53.58899406863948,train
co_2_ammonia-N-0-0_ammonia-N-0-0_SH2-S-0-0_SH2-S-0-0_ammonia-N-0-0_SH2-S-0-0_4,39.174346923828125,37.016143798828125,42.44277964690852,val
fe_2_cyanide-C-0-d1_cyanide-C-0-d1_cyanide-C-0-d1_cyanide-C-0-d1_pyridine-N-3-0_pyridine-N-3-0_5,31.028976440429688,33.62518310546875,30.2771591420443,train
mn_2_furan-O-0-0_furan-O-0-0_furan-O-0-0_carbonyl-C-0-0_furan-O-0-0_carbonyl-C-0-0_6,53.11836242675781,47.02430725097656,58.231166794710546,train
fe_2_acetonitrile-N-1-0_acetonitrile-N-1-0_acetonitrile-N-1-0_ammonia-N-0-0_ammonia-N-0-0_ammonia-N-0-0_5,34.9444580078125,38.78318786621094,35.49852470641634,train
cr_3_ammonia-N-0-0_ammonia-N-0-0_ammonia-N-0-0_ammonia-N-0-0_ammonia-N-0-0_amine-N-0-d1_4,36.25617980957031,7.739639282226562,42.416765628213,val
mn_2_phosphine-P-0-0_phosphine-P-0-0_phosphine-P-0-0_phosphine-P-0-0_phosphine-P-0-0_cyanide-C-0-d1_6,,,,
mn_2_SH2-S-0-0_SH2-S-0-0_SH2-S-0-0_SH2-S-0-0_SH2-S-0-0_acetonitrile-N-1-0_6,51.46087646484375,48.07777404785156,51.554620603495025,train
co_2_cs-C-0-0_cs-C-0-0_cs-C-0-0_cs-C-0-0_cs-C-0-0_hydroxyl-O-0-d1_4,39.59159851074219,37.54409790039063,38.96930276924608,train
co_2_SH2-S-0-0_SH2-S-0-0_SH2-S-0-0_water-O-0-0_water-O-0-0_water-O-0-0_4,46.165618896484375,44.09996032714844,46.36864033819819,train
co_3_formaldehyde-O-1-0_formaldehyde-O-1-0_formaldehyde-O-1-0_formaldehyde-O-1-0_formaldehyde-O-1-0_pyridine-N-3-0_5,11.385269165039062,,,
cr_2_furan-O-0-0_furan-O-0-0_furan-O-0-0_furan-O-0-0_pyridine-N-3-0_pyridine-N-3-0_5,-11.016769409179688,-26.407012939453125,,
fe_2_ammonia-N-0-0_ammonia-N-0-0_ammonia-N-0-0_carboxyl-O-1-d1_ammonia-N-0-0_carboxyl-O-1-d1_5,33.28544616699219,37.42523193359375,32.74412775874224,train
fe_2_pyridine-N-3-0_pyridine-N-3-0_pyridine-N-3-0_pyridine-N-3-0_pyridine-N-3-0_cs-C-0-0_5,32.85758972167969,,,
fe_2_formaldehyde-O-1-0_formaldehyde-O-1-0_formaldehyde-O-1-0_formaldehyde-O-1-0_pyridine-N-3-0_pyridine-N-3-0_5,30.98052978515625,36.16096496582031,30.465250313230413,train
co_2_ome2-O-0-0_ome2-O-0-0_ome2-O-0-0_cs-C-0-0_ome2-O-0-0_cs-C-0-0_4,42.606353759765625,40.68862915039063,39.91947395142281,train
co_2_ome2-O-0-0_ome2-O-0-0_ome2-O-0-0_ome2-O-0-0_ome2-O-0-0_amine-N-0-d1_4,100.91217041015624,107.54898071289062,,
fe_3_hydroxyl-O-0-d1_hydroxyl-O-0-d1_hydroxyl-O-0-d1_hydroxyl-O-0-d1_ome2-O-0-0_ome2-O-0-0_6,57.664337158203125,42.27684020996094,45.76089650816042,train
co_2_water-O-0-0_water-O-0-0_water-O-0-0_water-O-0-0_water-O-0-0_imidazole-N-2-0_4,60.61248779296875,57.16804504394531,56.51137575740437,train
co_2_furan-O-0-0_furan-O-0-0_furan-O-0-0_furan-O-0-0_furan-O-0-0_acetonitrile-N-1-0_4,37.31605529785156,36.486358642578125,42.3034365102641,val
mn_2_cyanide-C-0-d1_cyanide-C-0-d1_cyanide-C-0-d1_cyanide-C-0-d1_imidazole-N-2-0_imidazole-N-2-0_6,51.757659912109375,47.83248901367188,50.159926445682814,train
fe_2_imidazole-N-2-0_imidazole-N-2-0_imidazole-N-2-0_imidazole-N-2-0_carboxyl-O-1-d1_carboxyl-O-1-d1_5,33.83552551269531,37.95913696289063,32.817648225944254,train
cr_2_phosphine-P-0-0_phosphine-P-0-0_phosphine-P-0-0_phosphine-P-0-0_phosphine-P-0-0_water-O-0-0_5,23.564682006835938,9.718704223632812,30.65134382830142,train
cr_2_furan-O-0-0_furan-O-0-0_furan-O-0-0_furan-O-0-0_imidazole-N-2-0_imidazole-N-2-0_5,-8.989334106445312,-28.38539123535156,37.23465817619474,val
cr_3_phosphine-P-0-0_phosphine-P-0-0_phosphine-P-0-0_ome2-O-0-0_phosphine-P-0-0_ome2-O-0-0_4,36.99737548828125,14.06494140625,33.655279196868754,val
mn_2_misc-C-4-0_misc-C-4-0_misc-C-4-0_misc-C-4-0_misc-C-4-0_cs-C-0-0_6,47.21138000488281,43.05000305175781,48.536894593079,train
fe_3_chloride-Cl-0-d1_chloride-Cl-0-d1_cyanide-C-0-d1_cyanide-C-0-d1_chloride-Cl-0-d1_cyanide-C-0-d1_6,39.7186279296875,36.853790283203125,37.68922579710061,train
co_2_cs-C-0-0_cs-C-0-0_cs-C-0-0_cs-C-0-0_formaldehyde-O-1-0_formaldehyde-O-1-0_4,38.864593505859375,46.68907165527344,37.995040309239414,train
fe_2_acetonitrile-N-1-0_acetonitrile-N-1-0_acetonitrile-N-1-0_ome2-O-0-0_ome2-O-0-0_ome2-O-0-0_5,29.189605712890625,35.60455322265625,29.577399596556912,train
co_3_imidazole-N-2-0_imidazole-N-2-0_imidazole-N-2-0_imidazole-N-2-0_phosphine-P-0-0_phosphine-P-0-0_5,11.95343017578125,3.2263946533203125,,
fe_2_water-O-0-0_water-O-0-0_water-O-0-0_water-O-0-0_water-O-0-0_ome2-O-0-0_5,30.843734741210938,38.38310241699219,36.649305163681035,val
co_2_acetonitrile-N-1-0_acetonitrile-N-1-0_acetonitrile-N-1-0_acetonitrile-N-1-0_acetonitrile-N-1-0_amine-N-0-d1_4,76.9903564453125,92.79640197753906,,
cr_3_acetonitrile-N-1-0_acetonitrile-N-1-0_acetonitrile-N-1-0_carbonyl-C-0-0_acetonitrile-N-1-0_carbonyl-C-0-0_4,189.82162475585935,,29.294619291870607,val
mn_2_furan-O-0-0_furan-O-0-0_furan-O-0-0_furan-O-0-0_chloride-Cl-0-d1_chloride-Cl-0-d1_6,,,,
co_3_chloride-Cl-0-d1_chloride-Cl-0-d1_chloride-Cl-0-d1_chloride-Cl-0-d1_pyridine-N-3-0_pyridine-N-3-0_5,20.698776245117188,29.82093811035156,29.802087355219182,train
fe_2_formaldehyde-O-1-0_formaldehyde-O-1-0_formaldehyde-O-1-0_furan-O-0-0_furan-O-0-0_furan-O-0-0_5,34.32441711425781,39.8284912109375,31.660229774671585,train
fe_3_misc-C-4-0_misc-C-4-0_misc-C-4-0_misc-C-4-0_ammonia-N-0-0_ammonia-N-0-0_6,40.34088134765625,37.588653564453125,40.40486162004758,val
fe_2_cs-C-0-0_cs-C-0-0_cs-C-0-0_cs-C-0-0_cs-C-0-0_furan-O-0-0_5,36.32102966308594,37.88299560546875,37.39628089537091,train
fe_2_formaldehyde-O-1-0_formaldehyde-O-1-0_formaldehyde-O-1-0_formaldehyde-O-1-0_chloride-Cl-0-d1_chloride-Cl-0-d1_5,44.44236755371094,37.37724304199219,39.10135764524056,train
fe_2_water-O-0-0_water-O-0-0_water-O-0-0_water-O-0-0_SH2-S-0-0_SH2-S-0-0_5,43.52165222167969,47.64801025390625,44.48015828642918,train
co_2_SH2-S-0-0_SH2-S-0-0_SH2-S-0-0_SH2-S-0-0_fluoride-F-0-d1_fluoride-F-0-d1_4,883.5842132568359,181.23779296875,70.73578711551728,train
mn_2_cs-C-0-0_cs-C-0-0_cs-C-0-0_furan-O-0-0_cs-C-0-0_furan-O-0-0_6,48.3990478515625,45.4132080078125,49.16441554838155,train
cr_2_cs-C-0-0_cs-C-0-0_cs-C-0-0_cs-C-0-0_imidazole-N-2-0_imidazole-N-2-0_5,17.444839477539062,4.2908477783203125,27.22281845818429,train
co_3_cs-C-0-0_cs-C-0-0_cs-C-0-0_cs-C-0-0_hydroxyl-O-0-d1_hydroxyl-O-0-d1_5,25.08018493652344,31.41929626464844,33.75249241779801,train
fe_2_formaldehyde-O-1-0_formaldehyde-O-1-0_formaldehyde-O-1-0_formaldehyde-O-1-0_furan-O-0-0_furan-O-0-0_5,29.120330810546875,35.95100402832031,30.44907525737671,train
fe_2_carbonyl-C-0-0_carbonyl-C-0-0_carbonyl-C-0-0_carbonyl-C-0-0_carbonyl-C-0-0_acetonitrile-N-1-0_5,33.49067687988281,36.37428283691406,35.90559269569678,val
cr_2_cs-C-0-0_cs-C-0-0_cs-C-0-0_cs-C-0-0_ome2-O-0-0_ome2-O-0-0_5,33.18389892578125,23.361358642578125,33.78926314965378,train
fe_2_cs-C-0-0_cs-C-0-0_cs-C-0-0_cs-C-0-0_cs-C-0-0_cs-C-0-0_5,34.79087829589844,35.27488708496094,36.79897772181482,train
co_3_water-O-0-0_water-O-0-0_water-O-0-0_cs-C-0-0_water-O-0-0_cs-C-0-0_5,26.354751586914062,25.602340698242188,32.45426955030557,train
mn_3_thiocyanate-S-0-d1_thiocyanate-S-0-d1_thiocyanate-S-0-d1_thiocyanate-S-0-d1_phosphine-P-0-0_phosphine-P-0-0_5,,,,
fe_2_SH2-S-0-0_SH2-S-0-0_SH2-S-0-0_SH2-S-0-0_pyridine-N-3-0_pyridine-N-3-0_5,32.704010009765625,36.174163818359375,33.33547133254858,train
fe_3_imidazole-N-2-0_imidazole-N-2-0_imidazole-N-2-0_imidazole-N-2-0_imidazole-N-2-0_hydroxyl-O-0-d1_6,43.94073486328125,42.26768493652344,,
cr_3_water-O-0-0_water-O-0-0_water-O-0-0_water-O-0-0_cs-C-0-0_cs-C-0-0_4,,,,
fe_2_carbonyl-C-0-0_carbonyl-C-0-0_formaldehyde-O-1-0_formaldehyde-O-1-0_carbonyl-C-0-0_formaldehyde-O-1-0_5,32.767181396484375,37.65464782714844,35.23618612647175,val
cr_3_water-O-0-0_water-O-0-0_water-O-0-0_water-O-0-0_chloride-Cl-0-d1_chloride-Cl-0-d1_4,75.98793029785156,42.23228454589844,68.25884303423868,train
fe_2_amine-N-0-d1_amine-N-0-d1_amine-N-0-d1_amine-N-0-d1_pyridine-N-3-0_pyridine-N-3-0_5,16.938095092773438,19.712142944335938,29.08602405607377,train
co_3_carbonyl-C-0-0_carbonyl-C-0-0_carbonyl-C-0-0_carbonyl-C-0-0_pyridine-N-3-0_pyridine-N-3-0_5,20.970916748046875,12.206344604492188,26.389184456394506,train
mn_2_cs-C-0-0_cs-C-0-0_cs-C-0-0_cs-C-0-0_cs-C-0-0_acetonitrile-N-1-0_6,49.02778625488281,,50.833468839049104,val
mn_2_cs-C-0-0_cs-C-0-0_phosphine-P-0-0_phosphine-P-0-0_cs-C-0-0_phosphine-P-0-0_6,50.37689208984375,42.61383056640625,48.14215927150702,train
fe_2_formaldehyde-O-1-0_formaldehyde-O-1-0_formaldehyde-O-1-0_formaldehyde-O-1-0_ome2-O-0-0_ome2-O-0-0_5,31.70616149902344,37.66281127929688,32.574152869403875,train
fe_2_carbonyl-C-0-0_carbonyl-C-0-0_carbonyl-C-0-0_furan-O-0-0_carbonyl-C-0-0_furan-O-0-0_5,33.21540832519531,37.44964599609375,32.64961879783277,train
fe_3_pyridine-N-3-0_pyridine-N-3-0_pyridine-N-3-0_pyridine-N-3-0_cs-C-0-0_cs-C-0-0_6,37.74116516113281,35.039520263671875,38.549496032769646,train
cr_2_phosphine-P-0-0_phosphine-P-0-0_phosphine-P-0-0_phosphine-P-0-0_phosphine-P-0-0_cs-C-0-0_5,21.56112670898437,12.935943603515623,31.144072807359436,train
mn_2_pyridine-N-3-0_pyridine-N-3-0_pyridine-N-3-0_pyridine-N-3-0_carbonyl-C-0-0_carbonyl-C-0-0_6,,55.04547119140625,,
mn_2_pyridine-N-3-0_pyridine-N-3-0_pyridine-N-3-0_pyridine-N-3-0_furan-O-0-0_furan-O-0-0_6,71.36001586914062,74.02481079101562,60.10095562567336,train
mn_3_SH2-S-0-0_SH2-S-0-0_SH2-S-0-0_SH2-S-0-0_SH2-S-0-0_amine-N-0-d1_5,-51.410675048828125,-30.024642944335938,,
mn_2_acetonitrile-N-1-0_acetonitrile-N-1-0_acetonitrile-N-1-0_acetonitrile-N-1-0_acetonitrile-N-1-0_furan-O-0-0_6,42.44453430175781,38.91944885253906,43.73349844708985,train
co_2_cs-C-0-0_cs-C-0-0_cs-C-0-0_cs-C-0-0_cs-C-0-0_furan-O-0-0_4,39.72373962402344,36.44844055175781,39.30255739752815,train
cr_3_cs-C-0-0_cs-C-0-0_cs-C-0-0_cs-C-0-0_cs-C-0-0_thiocyanate-S-0-d1_4,89.55108642578125,,34.69819903631905,val
mn_2_misc-C-4-0_misc-C-4-0_misc-C-4-0_misc-C-4-0_cs-C-0-0_cs-C-0-0_6,47.8143310546875,43.88420104980469,49.0984279501347,train
cr_2_cs-C-0-0_cs-C-0-0_cs-C-0-0_cs-C-0-0_cs-C-0-0_misc-C-4-0_5,30.87127685546875,21.456298828125,34.74305285607292,train
co_2_SH2-S-0-0_SH2-S-0-0_SH2-S-0-0_SH2-S-0-0_SH2-S-0-0_imidazole-N-2-0_4,57.23991394042969,54.25537109375,50.45241729735692,train
fe_2_furan-O-0-0_furan-O-0-0_furan-O-0-0_water-O-0-0_water-O-0-0_water-O-0-0_5,30.374832153320312,37.235107421875,31.864606276150738,train
cr_2_acetonitrile-N-1-0_acetonitrile-N-1-0_acetonitrile-N-1-0_acetonitrile-N-1-0_acetonitrile-N-1-0_thiocyanate-S-0-d1_5,18.309783935546875,3.2269287109375,17.833680615096416,train
fe_2_formaldehyde-O-1-0_formaldehyde-O-1-0_ome2-O-0-0_ome2-O-0-0_formaldehyde-O-1-0_ome2-O-0-0_5,30.06561279296875,37.10807800292969,31.060515799126485,train
mn_3_phosphine-P-0-0_phosphine-P-0-0_phosphine-P-0-0_carbonyl-C-0-0_phosphine-P-0-0_carbonyl-C-0-0_5,26.322021484375,17.122344970703125,37.455063920507996,train
co_3_furan-O-0-0_furan-O-0-0_furan-O-0-0_amine-N-0-d1_furan-O-0-0_amine-N-0-d1_5,7.395401000976562,-0.91796875,29.39792268438283,train
mn_3_cs-C-0-0_cs-C-0-0_cs-C-0-0_phosphine-P-0-0_cs-C-0-0_phosphine-P-0-0_5,,,,
mn_2_phosphine-P-0-0_phosphine-P-0-0_phosphine-P-0-0_furan-O-0-0_phosphine-P-0-0_furan-O-0-0_6,51.14143371582031,43.639068603515625,51.06242547566666,train
fe_2_formaldehyde-O-1-0_formaldehyde-O-1-0_formaldehyde-O-1-0_formaldehyde-O-1-0_formaldehyde-O-1-0_carbonyl-C-0-0_5,32.54631042480469,37.584228515625,32.89519342866718,train
cr_2_phosphine-P-0-0_phosphine-P-0-0_phosphine-P-0-0_water-O-0-0_water-O-0-0_water-O-0-0_5,64.02427673339844,47.08229064941406,43.496010550011924,train
fe_3_cyanide-C-0-d1_cyanide-C-0-d1_cyanide-C-0-d1_cyanide-C-0-d1_cs-C-0-0_cs-C-0-0_6,46.92779541015625,,37.51407239510968,val
co_2_phosphine-P-0-0_phosphine-P-0-0_phosphine-P-0-0_phosphine-P-0-0_phosphine-P-0-0_misc-C-4-0_4,39.746856689453125,41.22955322265625,,
fe_2_ammonia-N-0-0_ammonia-N-0-0_ammonia-N-0-0_ammonia-N-0-0_thiocyanate-S-0-d1_thiocyanate-S-0-d1_5,33.15185546875,36.53244018554688,34.53945611677303,train
mn_2_formaldehyde-O-1-0_formaldehyde-O-1-0_formaldehyde-O-1-0_formaldehyde-O-1-0_misc-C-4-0_misc-C-4-0_6,63.86299133300781,66.64375305175781,58.93368803393736,train
co_2_phosphine-P-0-0_phosphine-P-0-0_phosphine-P-0-0_phosphine-P-0-0_cyanide-C-0-d1_cyanide-C-0-d1_4,38.37547302246094,35.701141357421875,39.4596388147677,train
fe_2_imidazole-N-2-0_imidazole-N-2-0_imidazole-N-2-0_cyanide-C-0-d1_imidazole-N-2-0_cyanide-C-0-d1_5,,,,
fe_2_furan-O-0-0_furan-O-0-0_furan-O-0-0_furan-O-0-0_furan-O-0-0_SH2-S-0-0_5,26.032485961914062,32.7227783203125,,
mn_2_imidazole-N-2-0_imidazole-N-2-0_phosphine-P-0-0_phosphine-P-0-0_imidazole-N-2-0_phosphine-P-0-0_6,72.06398010253906,77.17147827148438,56.003824936047515,train
mn_2_misc-C-4-0_misc-C-4-0_misc-C-4-0_misc-C-4-0_pyridine-N-3-0_pyridine-N-3-0_6,,,,
co_2_ome2-O-0-0_ome2-O-0-0_ome2-O-0-0_water-O-0-0_ome2-O-0-0_water-O-0-0_4,36.88270568847656,36.13815307617188,42.276150455710905,val
cr_2_ome2-O-0-0_ome2-O-0-0_ome2-O-0-0_ome2-O-0-0_ome2-O-0-0_thiocyanate-S-0-d1_5,14.8797607421875,1.5370941162109375,,
mn_2_acetonitrile-N-1-0_acetonitrile-N-1-0_acetonitrile-N-1-0_SH2-S-0-0_SH2-S-0-0_SH2-S-0-0_6,52.75604248046875,44.00840759277344,48.1674731907159,train
cr_3_chloride-Cl-0-d1_chloride-Cl-0-d1_chloride-Cl-0-d1_pyridine-N-3-0_chloride-Cl-0-d1_pyridine-N-3-0_4,46.81640625,26.375808715820312,,
co_2_acetonitrile-N-1-0_acetonitrile-N-1-0_acetonitrile-N-1-0_acetonitrile-N-1-0_acetonitrile-N-1-0_imidazole-N-2-0_4,23.143539428710938,39.45365905761719,,
mn_3_pyridine-N-3-0_pyridine-N-3-0_pyridine-N-3-0_thiocyanate-S-0-d1_thiocyanate-S-0-d1_thiocyanate-S-0-d1_5,,18.486557006835938,,
co_2_imidazole-N-2-0_imidazole-N-2-0_imidazole-N-2-0_chloride-Cl-0-d1_imidazole-N-2-0_chloride-Cl-0-d1_4,40.348052978515625,38.53729248046875,38.62102004956928,train
cr_3_formaldehyde-O-1-0_formaldehyde-O-1-0_formaldehyde-O-1-0_ome2-O-0-0_ome2-O-0-0_ome2-O-0-0_4,44.32762145996094,18.943405151367188,39.87657908985968,train
fe_2_ammonia-N-0-0_ammonia-N-0-0_ammonia-N-0-0_pyridine-N-3-0_pyridine-N-3-0_pyridine-N-3-0_5,31.79718017578125,36.26304626464844,32.34884352276027,train
mn_2_imidazole-N-2-0_imidazole-N-2-0_imidazole-N-2-0_ome2-O-0-0_ome2-O-0-0_ome2-O-0-0_6,,,,
mn_2_carbonyl-C-0-0_carbonyl-C-0-0_carbonyl-C-0-0_water-O-0-0_water-O-0-0_water-O-0-0_6,43.563079833984375,40.53955078125,47.07938684293006,train
fe_2_carbonyl-C-0-0_carbonyl-C-0-0_carbonyl-C-0-0_carbonyl-C-0-0_cyanide-C-0-d1_cyanide-C-0-d1_5,,21.1871337890625,,
mn_2_water-O-0-0_water-O-0-0_water-O-0-0_water-O-0-0_water-O-0-0_SH2-S-0-0_6,86.86614990234375,92.7094268798828,65.15555901672856,train
co_2_carbonyl-C-0-0_carbonyl-C-0-0_carbonyl-C-0-0_misc-C-4-0_misc-C-4-0_misc-C-4-0_4,51.16752624511719,46.49215698242188,41.7381862686736,train
cr_3_chloride-Cl-0-d1_chloride-Cl-0-d1_chloride-Cl-0-d1_chloride-Cl-0-d1_chloride-Cl-0-d1_carbonyl-C-0-0_4,,,,
cr_2_pyridine-N-3-0_pyridine-N-3-0_pyridine-N-3-0_pyridine-N-3-0_thiocyanate-S-0-d1_thiocyanate-S-0-d1_5,6.2697601318359375,-6.9498443603515625,22.56765217569986,train
fe_2_formaldehyde-O-1-0_formaldehyde-O-1-0_formaldehyde-O-1-0_formaldehyde-O-1-0_formaldehyde-O-1-0_cs-C-0-0_5,33.43406677246094,37.171630859375,32.635704649923206,train
fe_2_carboxyl-O-1-d1_carboxyl-O-1-d1_carboxyl-O-1-d1_carboxyl-O-1-d1_carboxyl-O-1-d1_pyridine-N-3-0_5,30.689849853515625,35.36094665527344,32.0701473284154,train
fe_3_cyanide-C-0-d1_cyanide-C-0-d1_fluoride-F-0-d1_fluoride-F-0-d1_cyanide-C-0-d1_fluoride-F-0-d1_6,55.21553039550781,45.81764221191406,47.35022378505434,train
fe_2_formaldehyde-O-1-0_formaldehyde-O-1-0_formaldehyde-O-1-0_formaldehyde-O-1-0_formaldehyde-O-1-0_SH2-S-0-0_5,32.80921936035156,37.57926940917969,33.140593627877166,train
co_2_SH2-S-0-0_SH2-S-0-0_SH2-S-0-0_thiocyanate-S-0-d1_SH2-S-0-0_thiocyanate-S-0-d1_4,39.76615905761719,36.48109436035156,40.22523711801378,train
cr_2_cs-C-0-0_cs-C-0-0_cs-C-0-0_cs-C-0-0_carbonyl-C-0-0_carbonyl-C-0-0_5,52.115478515625,39.70512390136719,41.0177293275699,train
mn_3_SH2-S-0-0_SH2-S-0-0_SH2-S-0-0_SH2-S-0-0_fluoride-F-0-d1_fluoride-F-0-d1_5,,120.00358581542967,,
co_3_pyridine-N-3-0_pyridine-N-3-0_pyridine-N-3-0_pyridine-N-3-0_ammonia-N-0-0_ammonia-N-0-0_5,23.647689819335938,20.374298095703125,33.14851676567982,train
co_2_phosphine-P-0-0_phosphine-P-0-0_phosphine-P-0-0_phosphine-P-0-0_phosphine-P-0-0_cs-C-0-0_4,46.32850646972656,42.99171447753906,43.677011867171686,train
fe_2_imidazole-N-2-0_imidazole-N-2-0_imidazole-N-2-0_acetonitrile-N-1-0_imidazole-N-2-0_acetonitrile-N-1-0_5,32.370758056640625,36.380157470703125,32.975216587547386,train
mn_2_formaldehyde-O-1-0_formaldehyde-O-1-0_formaldehyde-O-1-0_water-O-0-0_formaldehyde-O-1-0_water-O-0-0_6,45.9771728515625,,44.376426018917,val
fe_3_acetonitrile-N-1-0_acetonitrile-N-1-0_acetonitrile-N-1-0_carbonyl-C-0-0_acetonitrile-N-1-0_carbonyl-C-0-0_6,51.386260986328125,49.85404968261719,42.831197986867956,train
fe_2_acetonitrile-N-1-0_acetonitrile-N-1-0_acetonitrile-N-1-0_cs-C-0-0_cs-C-0-0_cs-C-0-0_5,32.23014831542969,34.2706298828125,35.213876551233284,val
fe_2_water-O-0-0_water-O-0-0_water-O-0-0_acetonitrile-N-1-0_water-O-0-0_acetonitrile-N-1-0_5,30.778732299804688,36.98753356933594,33.459656926766,train
cr_2_cyanide-C-0-d1_cyanide-C-0-d1_cyanide-C-0-d1_hydroxyl-O-0-d1_cyanide-C-0-d1_hydroxyl-O-0-d1_5,6.489181518554688,-7.9843902587890625,26.987908052167555,train
fe_2_acetonitrile-N-1-0_acetonitrile-N-1-0_acetonitrile-N-1-0_acetonitrile-N-1-0_cs-C-0-0_cs-C-0-0_5,31.53038024902344,34.59419250488281,33.580128572743526,train
cr_2_cs-C-0-0_cs-C-0-0_water-O-0-0_water-O-0-0_cs-C-0-0_water-O-0-0_5,30.36727905273437,-0.0624847412109375,31.644550002554634,train
co_2_pyridine-N-3-0_pyridine-N-3-0_pyridine-N-3-0_pyridine-N-3-0_pyridine-N-3-0_misc-C-4-0_4,50.46195983886719,47.54852294921875,,
fe_2_furan-O-0-0_furan-O-0-0_furan-O-0-0_furan-O-0-0_furan-O-0-0_water-O-0-0_5,28.47030639648437,36.013946533203125,,
mn_3_imidazole-N-2-0_imidazole-N-2-0_imidazole-N-2-0_imidazole-N-2-0_thiocyanate-S-0-d1_thiocyanate-S-0-d1_5,24.332504272460938,13.27117919921875,33.01643713638778,train
fe_2_water-O-0-0_water-O-0-0_water-O-0-0_pyridine-N-3-0_water-O-0-0_pyridine-N-3-0_5,31.37413024902344,36.8316650390625,31.64300257739436,train
cr_2_formaldehyde-O-1-0_formaldehyde-O-1-0_formaldehyde-O-1-0_formaldehyde-O-1-0_formaldehyde-O-1-0_SH2-S-0-0_5,27.54219055175781,17.735824584960938,28.2202143106885,train
fe_2_carbonyl-C-0-0_carbonyl-C-0-0_carbonyl-C-0-0_cs-C-0-0_cs-C-0-0_cs-C-0-0_5,35.41221618652344,36.98501586914063,36.05161919655342,train
fe_3_cyanide-C-0-d1_cyanide-C-0-d1_cyanide-C-0-d1_fluoride-F-0-d1_cyanide-C-0-d1_fluoride-F-0-d1_6,45.33653259277344,53.1781005859375,45.79738421288589,train
cr_2_amine-N-0-d1_amine-N-0-d1_amine-N-0-d1_carbonyl-C-0-0_amine-N-0-d1_carbonyl-C-0-0_5,24.475021362304688,5.731735229492188,30.62403069854219,train
co_2_cs-C-0-0_cs-C-0-0_cs-C-0-0_SH2-S-0-0_cs-C-0-0_SH2-S-0-0_4,37.81013488769531,35.39276123046875,38.991790426626665,train
co_2_misc-C-4-0_misc-C-4-0_SH2-S-0-0_SH2-S-0-0_misc-C-4-0_SH2-S-0-0_4,40.82908630371094,38.44642639160156,41.012312268341,train
mn_3_cyanide-C-0-d1_cyanide-C-0-d1_cyanide-C-0-d1_formaldehyde-O-1-0_formaldehyde-O-1-0_formaldehyde-O-1-0_5,62.277374267578125,53.494873046875,45.704563193129104,train
fe_2_cs-C-0-0_cs-C-0-0_ome2-O-0-0_ome2-O-0-0_cs-C-0-0_ome2-O-0-0_5,32.525482177734375,39.49592590332031,34.446601880442806,train
mn_2_misc-C-4-0_misc-C-4-0_misc-C-4-0_misc-C-4-0_misc-C-4-0_amine-N-0-d1_6,53.31672668457031,52.96638488769531,50.34036640888553,train
cr_3_acetonitrile-N-1-0_acetonitrile-N-1-0_acetonitrile-N-1-0_ammonia-N-0-0_acetonitrile-N-1-0_ammonia-N-0-0_4,,,,
mn_2_imidazole-N-2-0_imidazole-N-2-0_imidazole-N-2-0_imidazole-N-2-0_imidazole-N-2-0_amine-N-0-d1_6,32.98583984375,28.776626586914062,50.18854932290625,train
cr_2_formaldehyde-O-1-0_formaldehyde-O-1-0_formaldehyde-O-1-0_formaldehyde-O-1-0_phosphine-P-0-0_phosphine-P-0-0_5,29.07432556152344,-744.9131774902344,30.50952643111723,train
fe_2_acetonitrile-N-1-0_acetonitrile-N-1-0_acetonitrile-N-1-0_acetonitrile-N-1-0_acetonitrile-N-1-0_SH2-S-0-0_5,30.428543090820312,33.02177429199219,,
fe_2_carbonyl-C-0-0_carbonyl-C-0-0_carbonyl-C-0-0_carbonyl-C-0-0_fluoride-F-0-d1_fluoride-F-0-d1_5,31.558609008789062,38.59298706054688,36.991162637565,train
fe_3_phosphine-P-0-0_phosphine-P-0-0_phosphine-P-0-0_phosphine-P-0-0_cs-C-0-0_cs-C-0-0_6,42.69477844238281,36.41647338867188,39.911689903599125,train
cr_3_cs-C-0-0_cs-C-0-0_cs-C-0-0_fluoride-F-0-d1_fluoride-F-0-d1_fluoride-F-0-d1_4,48.98521423339844,36.21833801269531,44.869068157132745,train
cr_2_phosphine-P-0-0_phosphine-P-0-0_phosphine-P-0-0_phosphine-P-0-0_ammonia-N-0-0_ammonia-N-0-0_5,44.62471008300781,27.6605224609375,38.3052575798296,train
co_3_pyridine-N-3-0_pyridine-N-3-0_pyridine-N-3-0_pyridine-N-3-0_fluoride-F-0-d1_fluoride-F-0-d1_5,28.27484130859375,28.961715698242188,,
fe_2_ome2-O-0-0_ome2-O-0-0_ome2-O-0-0_ome2-O-0-0_ome2-O-0-0_hydroxyl-O-0-d1_5,22.787857055664062,36.614532470703125,,
mn_2_ammonia-N-0-0_ammonia-N-0-0_ammonia-N-0-0_ammonia-N-0-0_ammonia-N-0-0_hydroxyl-O-0-d1_6,57.2442626953125,58.42002868652344,55.06938338122564,train
mn_3_ome2-O-0-0_ome2-O-0-0_ome2-O-0-0_ome2-O-0-0_pyridine-N-3-0_pyridine-N-3-0_5,59.67765808105469,47.57881164550781,50.06954676262055,train
mn_2_misc-C-4-0_misc-C-4-0_misc-C-4-0_SH2-S-0-0_misc-C-4-0_SH2-S-0-0_6,50.6866455078125,47.175140380859375,48.01210075539323,val
fe_3_imidazole-N-2-0_imidazole-N-2-0_imidazole-N-2-0_pyridine-N-3-0_imidazole-N-2-0_pyridine-N-3-0_6,,,,
mn_2_pyridine-N-3-0_pyridine-N-3-0_pyridine-N-3-0_pyridine-N-3-0_cs-C-0-0_cs-C-0-0_6,49.85939025878906,35.09346008300781,,
cr_2_misc-C-4-0_misc-C-4-0_misc-C-4-0_misc-C-4-0_formaldehyde-O-1-0_formaldehyde-O-1-0_5,52.95631408691406,11.724014282226562,25.0706908486826,val
cr_2_misc-C-4-0_misc-C-4-0_misc-C-4-0_acetonitrile-N-1-0_misc-C-4-0_acetonitrile-N-1-0_5,10.92681884765625,4.200439453125,17.709085657327442,train
fe_2_cs-C-0-0_cs-C-0-0_cs-C-0-0_thiocyanate-S-0-d1_thiocyanate-S-0-d1_thiocyanate-S-0-d1_5,29.22607421875,27.60337829589844,31.59872270520537,train
fe_3_carboxyl-O-1-d1_carboxyl-O-1-d1_carboxyl-O-1-d1_fluoride-F-0-d1_carboxyl-O-1-d1_fluoride-F-0-d1_6,43.63090515136719,,48.9475750335757,val
co_2_pyridine-N-3-0_pyridine-N-3-0_pyridine-N-3-0_pyridine-N-3-0_pyridine-N-3-0_carboxyl-O-1-d1_4,,,,
fe_2_misc-C-4-0_misc-C-4-0_misc-C-4-0_chloride-Cl-0-d1_misc-C-4-0_chloride-Cl-0-d1_5,32.103118896484375,34.784698486328125,34.505017356562405,train
mn_2_thiocyanate-S-0-d1_thiocyanate-S-0-d1_thiocyanate-S-0-d1_thiocyanate-S-0-d1_imidazole-N-2-0_imidazole-N-2-0_6,56.72866821289063,50.76087951660156,49.92222143416149,train
fe_2_furan-O-0-0_furan-O-0-0_furan-O-0-0_furan-O-0-0_furan-O-0-0_cs-C-0-0_5,29.122543334960938,35.117340087890625,,
co_2_pyridine-N-3-0_pyridine-N-3-0_water-O-0-0_water-O-0-0_pyridine-N-3-0_water-O-0-0_4,53.58673095703125,50.16212463378906,44.129996840473495,train
mn_3_chloride-Cl-0-d1_chloride-Cl-0-d1_chloride-Cl-0-d1_chloride-Cl-0-d1_water-O-0-0_water-O-0-0_5,,,,
cr_2_acetonitrile-N-1-0_acetonitrile-N-1-0_acetonitrile-N-1-0_acetonitrile-N-1-0_acetonitrile-N-1-0_misc-C-4-0_5,7.37579345703125,-7.1695709228515625,15.473424636703948,train
cr_2_acetonitrile-N-1-0_acetonitrile-N-1-0_acetonitrile-N-1-0_acetonitrile-N-1-0_acetonitrile-N-1-0_water-O-0-0_5,22.676315307617188,7.25250244140625,30.973480191261483,train
mn_2_chloride-Cl-0-d1_chloride-Cl-0-d1_chloride-Cl-0-d1_pyridine-N-3-0_pyridine-N-3-0_pyridine-N-3-0_6,,,,
fe_2_ome2-O-0-0_ome2-O-0-0_ome2-O-0-0_ome2-O-0-0_chloride-Cl-0-d1_chloride-Cl-0-d1_5,31.020431518554688,37.35122680664063,34.05919641455328,train
mn_3_cs-C-0-0_cs-C-0-0_cs-C-0-0_imidazole-N-2-0_imidazole-N-2-0_imidazole-N-2-0_5,,,,
mn_2_acetonitrile-N-1-0_acetonitrile-N-1-0_acetonitrile-N-1-0_phosphine-P-0-0_phosphine-P-0-0_phosphine-P-0-0_6,44.94987487792969,42.6422119140625,46.94320808309021,train
fe_3_water-O-0-0_water-O-0-0_water-O-0-0_water-O-0-0_water-O-0-0_cs-C-0-0_6,47.23838806152344,43.11004638671875,43.261271146236425,train
fe_2_ammonia-N-0-0_ammonia-N-0-0_ome2-O-0-0_ome2-O-0-0_ammonia-N-0-0_ome2-O-0-0_5,31.985626220703125,37.649688720703125,33.19188571370102,train
mn_3_ammonia-N-0-0_ammonia-N-0-0_ammonia-N-0-0_carbonyl-C-0-0_ammonia-N-0-0_carbonyl-C-0-0_5,27.605056762695312,13.42132568359375,42.622093175287745,val
fe_2_ome2-O-0-0_ome2-O-0-0_ome2-O-0-0_misc-C-4-0_misc-C-4-0_misc-C-4-0_5,32.04193115234375,36.58958435058594,33.914946634902115,train
mn_3_cs-C-0-0_cs-C-0-0_ome2-O-0-0_ome2-O-0-0_cs-C-0-0_ome2-O-0-0_5,,,,
co_2_phosphine-P-0-0_phosphine-P-0-0_phosphine-P-0-0_phosphine-P-0-0_phosphine-P-0-0_hydroxyl-O-0-d1_4,38.983154296875,38.282623291015625,40.56994662756714,train
fe_2_water-O-0-0_water-O-0-0_water-O-0-0_water-O-0-0_formaldehyde-O-1-0_formaldehyde-O-1-0_5,32.427825927734375,39.24171447753906,34.45232274078523,train
fe_2_ome2-O-0-0_ome2-O-0-0_ome2-O-0-0_ome2-O-0-0_furan-O-0-0_furan-O-0-0_5,28.574447631835938,36.57493591308594,32.99100838822734,train
mn_2_furan-O-0-0_furan-O-0-0_furan-O-0-0_furan-O-0-0_ammonia-N-0-0_ammonia-N-0-0_6,91.47789001464844,97.24357604980467,64.51325332575864,train
co_2_acetonitrile-N-1-0_acetonitrile-N-1-0_acetonitrile-N-1-0_pyridine-N-3-0_acetonitrile-N-1-0_pyridine-N-3-0_4,25.098953247070312,23.486862182617188,24.835254595558116,val
cr_2_formaldehyde-O-1-0_formaldehyde-O-1-0_formaldehyde-O-1-0_formaldehyde-O-1-0_formaldehyde-O-1-0_water-O-0-0_5,27.0428466796875,14.289398193359377,33.25384654209608,train
fe_3_cs-C-0-0_cs-C-0-0_cs-C-0-0_pyridine-N-3-0_cs-C-0-0_pyridine-N-3-0_6,44.05784606933594,,39.15098831032154,val
co_3_chloride-Cl-0-d1_chloride-Cl-0-d1_chloride-Cl-0-d1_chloride-Cl-0-d1_misc-C-4-0_misc-C-4-0_5,20.777130126953125,28.365936279296875,38.647698163508245,val
cr_3_ammonia-N-0-0_ammonia-N-0-0_ome2-O-0-0_ome2-O-0-0_ammonia-N-0-0_ome2-O-0-0_4,41.39961242675781,0.74554443359375,43.161693187367554,train
fe_2_carbonyl-C-0-0_carbonyl-C-0-0_carbonyl-C-0-0_carbonyl-C-0-0_carbonyl-C-0-0_amine-N-0-d1_5,21.767501831054688,26.4599609375,35.643600973045,val
fe_3_cyanide-C-0-d1_cyanide-C-0-d1_cyanide-C-0-d1_cyanide-C-0-d1_cyanide-C-0-d1_water-O-0-0_6,47.48283386230469,50.602874755859375,41.513381797172535,val
cr_3_ammonia-N-0-0_ammonia-N-0-0_ammonia-N-0-0_thiocyanate-S-0-d1_thiocyanate-S-0-d1_thiocyanate-S-0-d1_4,,,,
co_2_pyridine-N-3-0_pyridine-N-3-0_pyridine-N-3-0_pyridine-N-3-0_ome2-O-0-0_ome2-O-0-0_4,52.00714111328125,36.61674499511719,,
fe_2_phosphine-P-0-0_phosphine-P-0-0_phosphine-P-0-0_chloride-Cl-0-d1_phosphine-P-0-0_chloride-Cl-0-d1_5,-292.0555114746094,38.916778564453125,,
co_2_acetonitrile-N-1-0_acetonitrile-N-1-0_acetonitrile-N-1-0_acetonitrile-N-1-0_imidazole-N-2-0_imidazole-N-2-0_4,6.541061401367188,38.08860778808594,22.118296134542298,train
co_3_imidazole-N-2-0_imidazole-N-2-0_imidazole-N-2-0_imidazole-N-2-0_hydroxyl-O-0-d1_hydroxyl-O-0-d1_5,25.4034423828125,26.03111267089844,,
fe_2_formaldehyde-O-1-0_formaldehyde-O-1-0_formaldehyde-O-1-0_formaldehyde-O-1-0_formaldehyde-O-1-0_ome2-O-0-0_5,31.424560546875,41.2872314453125,,
mn_3_ammonia-N-0-0_ammonia-N-0-0_ammonia-N-0-0_fluoride-F-0-d1_fluoride-F-0-d1_fluoride-F-0-d1_5,30.892562866210938,20.143585205078125,53.07910156986136,train
fe_2_water-O-0-0_water-O-0-0_water-O-0-0_water-O-0-0_water-O-0-0_misc-C-4-0_5,40.5535888671875,43.98727416992188,39.996813361300454,train
co_2_phosphine-P-0-0_phosphine-P-0-0_phosphine-P-0-0_phosphine-P-0-0_formaldehyde-O-1-0_formaldehyde-O-1-0_4,39.54017639160156,36.515045166015625,36.444762011835635,train
co_3_phosphine-P-0-0_phosphine-P-0-0_phosphine-P-0-0_phosphine-P-0-0_phosphine-P-0-0_formaldehyde-O-1-0_5,12.606048583984377,5.11566162109375,,
mn_3_furan-O-0-0_furan-O-0-0_furan-O-0-0_furan-O-0-0_hydroxyl-O-0-d1_hydroxyl-O-0-d1_5,15.810089111328123,10.481491088867188,29.95889871736652,train
co_2_phosphine-P-0-0_phosphine-P-0-0_phosphine-P-0-0_phosphine-P-0-0_phosphine-P-0-0_imidazole-N-2-0_4,49.96063232421875,48.18275451660156,46.74699694746311,train
co_2_pyridine-N-3-0_pyridine-N-3-0_pyridine-N-3-0_pyridine-N-3-0_formaldehyde-O-1-0_formaldehyde-O-1-0_4,40.438995361328125,37.32589721679688,,
