Unnamed: 0,hfx_pbe,hfx_scan,scan-rf-5,scan-rf-set-5
mn_2_ammonia-N-0-0_ammonia-N-0-0_ammonia-N-0-0_formaldehyde-O-1-0_ammonia-N-0-0_formaldehyde-O-1-0_6,49.44496154785156,43.11683654785156,,
fe_2_ome2-O-0-0_ome2-O-0-0_ome2-O-0-0_ome2-O-0-0_ome2-O-0-0_formaldehyde-O-1-0_5,29.305191040039062,37.29866027832031,37.24359848023282,train
fe_2_acetonitrile-N-1-0_acetonitrile-N-1-0_acetonitrile-N-1-0_acetonitrile-N-1-0_water-O-0-0_water-O-0-0_5,29.054489135742188,34.882965087890625,36.289845240319856,train
fe_2_chloride-Cl-0-d1_chloride-Cl-0-d1_chloride-Cl-0-d1_misc-C-4-0_misc-C-4-0_misc-C-4-0_5,31.734848022460938,34.99786376953125,,
mn_2_imidazole-N-2-0_imidazole-N-2-0_imidazole-N-2-0_pyridine-N-3-0_pyridine-N-3-0_pyridine-N-3-0_6,,,,
cr_2_furan-O-0-0_furan-O-0-0_ome2-O-0-0_ome2-O-0-0_furan-O-0-0_ome2-O-0-0_5,15.510330200195312,-47.47428894042969,,
cr_3_amine-N-0-d1_amine-N-0-d1_amine-N-0-d1_amine-N-0-d1_pyridine-N-3-0_pyridine-N-3-0_4,,,,
co_2_furan-O-0-0_furan-O-0-0_furan-O-0-0_furan-O-0-0_pyridine-N-3-0_pyridine-N-3-0_4,40.23727416992188,38.66630554199219,41.5696279613377,train
fe_2_SH2-S-0-0_SH2-S-0-0_SH2-S-0-0_SH2-S-0-0_SH2-S-0-0_thiocyanate-S-0-d1_5,30.462722778320312,33.679962158203125,37.00349918062459,train
fe_3_cs-C-0-0_cs-C-0-0_cs-C-0-0_pyridine-N-3-0_pyridine-N-3-0_pyridine-N-3-0_6,45.5145263671875,47.18742370605469,43.36487804857687,train
mn_2_SH2-S-0-0_SH2-S-0-0_SH2-S-0-0_SH2-S-0-0_cyanide-C-0-d1_cyanide-C-0-d1_6,62.53196716308594,58.25210571289063,54.21587902929646,train
mn_2_misc-C-4-0_misc-C-4-0_misc-C-4-0_misc-C-4-0_misc-C-4-0_SH2-S-0-0_6,49.629669189453125,45.96290588378906,46.01267235064984,train
cr_3_chloride-Cl-0-d1_chloride-Cl-0-d1_chloride-Cl-0-d1_chloride-Cl-0-d1_chloride-Cl-0-d1_fluoride-F-0-d1_4,264.1407775878906,2397.402801513672,,
mn_3_imidazole-N-2-0_imidazole-N-2-0_imidazole-N-2-0_pyridine-N-3-0_imidazole-N-2-0_pyridine-N-3-0_5,17.754135131835938,8.536529541015625,,
cr_2_ome2-O-0-0_ome2-O-0-0_ome2-O-0-0_ome2-O-0-0_ome2-O-0-0_water-O-0-0_5,52.4334716796875,35.29144287109375,27.276298507206022,train
fe_2_furan-O-0-0_furan-O-0-0_phosphine-P-0-0_phosphine-P-0-0_furan-O-0-0_phosphine-P-0-0_5,,,,
fe_2_phosphine-P-0-0_phosphine-P-0-0_phosphine-P-0-0_misc-C-4-0_misc-C-4-0_misc-C-4-0_5,33.59062194824219,35.02601623535156,36.51408067468185,train
fe_2_formaldehyde-O-1-0_formaldehyde-O-1-0_formaldehyde-O-1-0_formaldehyde-O-1-0_cs-C-0-0_cs-C-0-0_5,33.63563537597656,37.16682434082031,36.99362860029117,train
fe_3_furan-O-0-0_furan-O-0-0_furan-O-0-0_thiocyanate-S-0-d1_furan-O-0-0_thiocyanate-S-0-d1_6,27.76039123535156,61.60568237304688,,
mn_3_carbonyl-C-0-0_carbonyl-C-0-0_carbonyl-C-0-0_chloride-Cl-0-d1_carbonyl-C-0-0_chloride-Cl-0-d1_5,29.248046875,21.0931396484375,21.21372338478355,train
cr_2_chloride-Cl-0-d1_chloride-Cl-0-d1_chloride-Cl-0-d1_imidazole-N-2-0_imidazole-N-2-0_imidazole-N-2-0_5,20.01533508300781,7.118072509765625,10.986084491572925,train
fe_2_water-O-0-0_water-O-0-0_water-O-0-0_imidazole-N-2-0_water-O-0-0_imidazole-N-2-0_5,37.138214111328125,42.415618896484375,38.946608014954606,train
fe_2_carbonyl-C-0-0_carbonyl-C-0-0_carbonyl-C-0-0_chloride-Cl-0-d1_carbonyl-C-0-0_chloride-Cl-0-d1_5,31.303787231445312,34.59449768066406,36.90759650305791,train
cr_2_carbonyl-C-0-0_carbonyl-C-0-0_carbonyl-C-0-0_phosphine-P-0-0_carbonyl-C-0-0_phosphine-P-0-0_5,28.024444580078125,14.603424072265623,16.08344399527898,train
fe_3_acetonitrile-N-1-0_acetonitrile-N-1-0_acetonitrile-N-1-0_acetonitrile-N-1-0_acetonitrile-N-1-0_hydroxyl-O-0-d1_6,42.664947509765625,40.12351989746094,42.26348516584011,train
fe_2_ammonia-N-0-0_ammonia-N-0-0_ammonia-N-0-0_ammonia-N-0-0_chloride-Cl-0-d1_chloride-Cl-0-d1_5,33.42033386230469,37.63679504394531,41.41291407334209,train
fe_2_ammonia-N-0-0_ammonia-N-0-0_ammonia-N-0-0_water-O-0-0_water-O-0-0_water-O-0-0_5,33.49311828613281,38.51234436035156,47.03297696405686,train
fe_2_water-O-0-0_water-O-0-0_water-O-0-0_ome2-O-0-0_water-O-0-0_ome2-O-0-0_5,37.83607482910156,39.54124450683594,39.569169702022315,val
co_2_imidazole-N-2-0_imidazole-N-2-0_imidazole-N-2-0_imidazole-N-2-0_imidazole-N-2-0_imidazole-N-2-0_4,38.24531555175781,35.676116943359375,,
fe_2_fluoride-F-0-d1_fluoride-F-0-d1_fluoride-F-0-d1_pyridine-N-3-0_pyridine-N-3-0_pyridine-N-3-0_5,39.73976135253906,,,
fe_2_ammonia-N-0-0_ammonia-N-0-0_ammonia-N-0-0_cs-C-0-0_ammonia-N-0-0_cs-C-0-0_5,39.06768798828125,40.5816650390625,38.77652704302807,train
fe_2_ome2-O-0-0_ome2-O-0-0_phosphine-P-0-0_phosphine-P-0-0_ome2-O-0-0_phosphine-P-0-0_5,33.93089294433594,38.854522705078125,37.95127087071876,train
mn_2_SH2-S-0-0_SH2-S-0-0_SH2-S-0-0_SH2-S-0-0_SH2-S-0-0_cyanide-C-0-d1_6,,,,
cr_2_imidazole-N-2-0_imidazole-N-2-0_imidazole-N-2-0_imidazole-N-2-0_furan-O-0-0_furan-O-0-0_5,64.72480773925781,-24.00375366210937,,
co_2_pyridine-N-3-0_pyridine-N-3-0_pyridine-N-3-0_pyridine-N-3-0_carboxyl-O-1-d1_carboxyl-O-1-d1_4,38.85749816894531,37.63824462890625,,
cr_2_phosphine-P-0-0_phosphine-P-0-0_phosphine-P-0-0_phosphine-P-0-0_imidazole-N-2-0_imidazole-N-2-0_5,22.84271240234375,7.5998687744140625,11.347833306635106,train
mn_3_hydroxyl-O-0-d1_hydroxyl-O-0-d1_hydroxyl-O-0-d1_hydroxyl-O-0-d1_pyridine-N-3-0_pyridine-N-3-0_5,27.576446533203125,15.36773681640625,25.658815034735138,train
mn_2_water-O-0-0_water-O-0-0_water-O-0-0_water-O-0-0_misc-C-4-0_misc-C-4-0_6,45.10704040527344,43.20106506347656,48.74535616573425,train
cr_2_thiocyanate-S-0-d1_thiocyanate-S-0-d1_thiocyanate-S-0-d1_thiocyanate-S-0-d1_cs-C-0-0_cs-C-0-0_5,29.612579345703125,18.37875366210937,22.675295369587246,train
co_2_phosphine-P-0-0_phosphine-P-0-0_phosphine-P-0-0_phosphine-P-0-0_phosphine-P-0-0_thiocyanate-S-0-d1_4,8.357009887695312,27.594146728515625,,
mn_2_ammonia-N-0-0_ammonia-N-0-0_ammonia-N-0-0_ammonia-N-0-0_ammonia-N-0-0_carbonyl-C-0-0_6,54.696197509765625,50.43647766113281,49.83662745682649,train
co_3_carbonyl-C-0-0_carbonyl-C-0-0_chloride-Cl-0-d1_chloride-Cl-0-d1_carbonyl-C-0-0_chloride-Cl-0-d1_5,13.110122680664062,10.745010375976562,17.0294778117271,train
co_2_furan-O-0-0_furan-O-0-0_furan-O-0-0_acetonitrile-N-1-0_furan-O-0-0_acetonitrile-N-1-0_4,36.32339477539063,35.50819396972656,,
co_2_formaldehyde-O-1-0_formaldehyde-O-1-0_formaldehyde-O-1-0_acetonitrile-N-1-0_formaldehyde-O-1-0_acetonitrile-N-1-0_4,30.405731201171875,28.65272521972656,34.86591064427131,train
mn_3_formaldehyde-O-1-0_formaldehyde-O-1-0_formaldehyde-O-1-0_pyridine-N-3-0_formaldehyde-O-1-0_pyridine-N-3-0_5,26.735992431640625,,,
fe_2_acetonitrile-N-1-0_acetonitrile-N-1-0_acetonitrile-N-1-0_imidazole-N-2-0_imidazole-N-2-0_imidazole-N-2-0_5,33.11454772949219,37.9510498046875,36.95495258527638,train
fe_2_acetonitrile-N-1-0_acetonitrile-N-1-0_acetonitrile-N-1-0_acetonitrile-N-1-0_acetonitrile-N-1-0_ome2-O-0-0_5,30.550537109375,36.03309631347656,36.434858034435656,train
fe_2_carbonyl-C-0-0_carbonyl-C-0-0_carbonyl-C-0-0_carbonyl-C-0-0_carbonyl-C-0-0_furan-O-0-0_5,33.62327575683594,37.30201721191406,36.81814151225483,train
mn_2_phosphine-P-0-0_phosphine-P-0-0_phosphine-P-0-0_thiocyanate-S-0-d1_phosphine-P-0-0_thiocyanate-S-0-d1_6,52.19047546386719,45.0689697265625,48.36305983436516,train
fe_2_SH2-S-0-0_SH2-S-0-0_SH2-S-0-0_SH2-S-0-0_carbonyl-C-0-0_carbonyl-C-0-0_5,41.31843566894531,43.1585693359375,38.64944790105911,train
fe_2_ammonia-N-0-0_ammonia-N-0-0_ammonia-N-0-0_ammonia-N-0-0_ammonia-N-0-0_misc-C-4-0_5,36.72416687011719,39.96864318847656,39.77453082628342,train
mn_2_phosphine-P-0-0_phosphine-P-0-0_phosphine-P-0-0_phosphine-P-0-0_misc-C-4-0_misc-C-4-0_6,51.698760986328125,47.20848083496094,45.98826791033662,train
fe_2_ammonia-N-0-0_ammonia-N-0-0_ammonia-N-0-0_ammonia-N-0-0_furan-O-0-0_furan-O-0-0_5,31.60682678222656,36.595001220703125,37.352829517048214,train
cr_2_SH2-S-0-0_SH2-S-0-0_SH2-S-0-0_phosphine-P-0-0_SH2-S-0-0_phosphine-P-0-0_5,24.139938354492188,9.753341674804688,,
mn_2_ammonia-N-0-0_ammonia-N-0-0_ammonia-N-0-0_ammonia-N-0-0_phosphine-P-0-0_phosphine-P-0-0_6,,42.32673645019531,,
co_2_ome2-O-0-0_ome2-O-0-0_ome2-O-0-0_ome2-O-0-0_hydroxyl-O-0-d1_hydroxyl-O-0-d1_4,41.81602478027344,19.79400634765625,32.56928668323774,train
fe_2_formaldehyde-O-1-0_formaldehyde-O-1-0_formaldehyde-O-1-0_formaldehyde-O-1-0_formaldehyde-O-1-0_thiocyanate-S-0-d1_5,31.72431945800781,36.873779296875,,
mn_2_cs-C-0-0_cs-C-0-0_cs-C-0-0_cs-C-0-0_misc-C-4-0_misc-C-4-0_6,70.17112731933594,,,
cr_2_phosphine-P-0-0_phosphine-P-0-0_phosphine-P-0-0_phosphine-P-0-0_phosphine-P-0-0_thiocyanate-S-0-d1_5,27.674713134765625,7.499237060546875,,
cr_3_chloride-Cl-0-d1_chloride-Cl-0-d1_chloride-Cl-0-d1_chloride-Cl-0-d1_SH2-S-0-0_SH2-S-0-0_4,236.27975463867188,581.4971160888672,61.01017421015987,train
fe_2_furan-O-0-0_furan-O-0-0_furan-O-0-0_misc-C-4-0_furan-O-0-0_misc-C-4-0_5,29.62753295898437,36.58058166503906,36.58690004897251,train
mn_2_phosphine-P-0-0_phosphine-P-0-0_phosphine-P-0-0_phosphine-P-0-0_phosphine-P-0-0_SH2-S-0-0_6,50.001220703125,45.62095642089844,47.36260088628391,train
mn_3_cs-C-0-0_cs-C-0-0_misc-C-4-0_misc-C-4-0_cs-C-0-0_misc-C-4-0_5,,15.584182739257812,,
mn_2_misc-C-4-0_misc-C-4-0_misc-C-4-0_misc-C-4-0_acetonitrile-N-1-0_acetonitrile-N-1-0_6,58.9727783203125,,,
fe_3_ome2-O-0-0_ome2-O-0-0_ome2-O-0-0_pyridine-N-3-0_pyridine-N-3-0_pyridine-N-3-0_6,54.799346923828125,58.16429138183594,48.07811801295044,train
co_2_furan-O-0-0_furan-O-0-0_furan-O-0-0_imidazole-N-2-0_furan-O-0-0_imidazole-N-2-0_4,38.82369995117188,52.44972229003906,43.09563100550649,train
cr_3_formaldehyde-O-1-0_formaldehyde-O-1-0_formaldehyde-O-1-0_carbonyl-C-0-0_formaldehyde-O-1-0_carbonyl-C-0-0_4,241.75567626953125,722.2331237792969,46.855603207381314,train
fe_2_cs-C-0-0_cs-C-0-0_cs-C-0-0_cs-C-0-0_acetonitrile-N-1-0_acetonitrile-N-1-0_5,32.72743225097656,34.49134826660156,,
fe_2_cs-C-0-0_cs-C-0-0_cs-C-0-0_cs-C-0-0_furan-O-0-0_furan-O-0-0_5,36.557464599609375,38.83209228515625,37.96356542399017,train
cr_2_SH2-S-0-0_SH2-S-0-0_SH2-S-0-0_SH2-S-0-0_formaldehyde-O-1-0_formaldehyde-O-1-0_5,26.3275146484375,12.125015258789062,15.889961148033127,train
co_2_SH2-S-0-0_SH2-S-0-0_SH2-S-0-0_SH2-S-0-0_SH2-S-0-0_acetonitrile-N-1-0_4,59.64614868164063,56.07353210449219,47.739183050659925,train
cr_2_furan-O-0-0_furan-O-0-0_furan-O-0-0_furan-O-0-0_carboxyl-O-1-d1_carboxyl-O-1-d1_5,9.893264770507812,-68.29292297363281,,
mn_3_misc-C-4-0_misc-C-4-0_misc-C-4-0_misc-C-4-0_carbonyl-C-0-0_carbonyl-C-0-0_5,36.071319580078125,27.899246215820312,,
fe_2_furan-O-0-0_furan-O-0-0_furan-O-0-0_ome2-O-0-0_furan-O-0-0_ome2-O-0-0_5,27.61787414550781,35.56709289550781,36.02610763080248,train
co_2_cs-C-0-0_cs-C-0-0_furan-O-0-0_furan-O-0-0_cs-C-0-0_furan-O-0-0_4,37.718505859375,34.88494873046875,,
co_2_phosphine-P-0-0_phosphine-P-0-0_thiocyanate-S-0-d1_thiocyanate-S-0-d1_phosphine-P-0-0_thiocyanate-S-0-d1_4,39.044342041015625,36.16828918457031,38.00322211961743,train
mn_2_misc-C-4-0_misc-C-4-0_misc-C-4-0_misc-C-4-0_ome2-O-0-0_ome2-O-0-0_6,,,,
co_2_pyridine-N-3-0_pyridine-N-3-0_pyridine-N-3-0_pyridine-N-3-0_pyridine-N-3-0_amine-N-0-d1_4,40.22552490234375,39.25338745117188,,
fe_2_phosphine-P-0-0_phosphine-P-0-0_phosphine-P-0-0_ammonia-N-0-0_phosphine-P-0-0_ammonia-N-0-0_5,35.02723693847656,37.63725280761719,37.06656326530273,train
fe_2_SH2-S-0-0_SH2-S-0-0_SH2-S-0-0_SH2-S-0-0_SH2-S-0-0_carbonyl-C-0-0_5,35.66627502441406,38.32176208496094,38.342118005514855,train
mn_2_acetonitrile-N-1-0_acetonitrile-N-1-0_furan-O-0-0_furan-O-0-0_acetonitrile-N-1-0_furan-O-0-0_6,,,,
mn_2_ome2-O-0-0_ome2-O-0-0_ome2-O-0-0_cs-C-0-0_ome2-O-0-0_cs-C-0-0_6,47.93876647949219,45.35820007324219,51.42940435487062,train
co_2_acetonitrile-N-1-0_acetonitrile-N-1-0_acetonitrile-N-1-0_misc-C-4-0_misc-C-4-0_misc-C-4-0_4,46.35665893554688,42.923126220703125,40.79372104509329,train
co_3_fluoride-F-0-d1_fluoride-F-0-d1_fluoride-F-0-d1_imidazole-N-2-0_imidazole-N-2-0_imidazole-N-2-0_5,29.669418334960938,31.791915893554688,31.678890515091705,val
co_3_phosphine-P-0-0_phosphine-P-0-0_phosphine-P-0-0_pyridine-N-3-0_phosphine-P-0-0_pyridine-N-3-0_5,20.3814697265625,12.97576904296875,15.294698049353858,train
fe_3_misc-C-4-0_misc-C-4-0_misc-C-4-0_fluoride-F-0-d1_misc-C-4-0_fluoride-F-0-d1_6,45.96183776855469,44.75128173828125,44.78375898334221,train
fe_2_ome2-O-0-0_ome2-O-0-0_ome2-O-0-0_ome2-O-0-0_ome2-O-0-0_ome2-O-0-0_5,29.467544555664062,37.35710144042969,37.48127255077091,train
co_2_carbonyl-C-0-0_carbonyl-C-0-0_carbonyl-C-0-0_carbonyl-C-0-0_carbonyl-C-0-0_carbonyl-C-0-0_4,41.51382446289063,39.8541259765625,38.64093320764837,train
fe_2_pyridine-N-3-0_pyridine-N-3-0_pyridine-N-3-0_pyridine-N-3-0_pyridine-N-3-0_thiocyanate-S-0-d1_5,29.243698120117188,33.014068603515625,,
mn_3_water-O-0-0_water-O-0-0_water-O-0-0_fluoride-F-0-d1_water-O-0-0_fluoride-F-0-d1_5,28.495635986328125,18.78036499023437,39.48462740176569,train
co_2_cyanide-C-0-d1_cyanide-C-0-d1_cyanide-C-0-d1_cyanide-C-0-d1_ammonia-N-0-0_ammonia-N-0-0_4,40.34126281738281,37.30865478515625,34.89566107969653,train
fe_2_carboxyl-O-1-d1_carboxyl-O-1-d1_carboxyl-O-1-d1_carboxyl-O-1-d1_ome2-O-0-0_ome2-O-0-0_5,35.59295654296875,35.28106689453125,35.53996207103845,train
mn_2_thiocyanate-S-0-d1_thiocyanate-S-0-d1_thiocyanate-S-0-d1_SH2-S-0-0_SH2-S-0-0_SH2-S-0-0_6,,,,
mn_3_carbonyl-C-0-0_carbonyl-C-0-0_carbonyl-C-0-0_acetonitrile-N-1-0_carbonyl-C-0-0_acetonitrile-N-1-0_5,36.64680480957031,25.83358764648437,27.265769756353155,train
cr_2_ome2-O-0-0_ome2-O-0-0_ome2-O-0-0_formaldehyde-O-1-0_ome2-O-0-0_formaldehyde-O-1-0_5,15.949935913085938,2.5119781494140625,11.166223326256898,train
fe_2_ammonia-N-0-0_ammonia-N-0-0_ammonia-N-0-0_ammonia-N-0-0_ammonia-N-0-0_ome2-O-0-0_5,32.80998229980469,37.13081359863281,39.040990908809675,train
co_2_carbonyl-C-0-0_carbonyl-C-0-0_carbonyl-C-0-0_carbonyl-C-0-0_misc-C-4-0_misc-C-4-0_4,32.55424499511719,30.125961303710938,36.81413577950392,train
co_2_ome2-O-0-0_ome2-O-0-0_ome2-O-0-0_ome2-O-0-0_pyridine-N-3-0_pyridine-N-3-0_4,53.05732727050781,50.63278198242188,,
fe_2_carbonyl-C-0-0_carbonyl-C-0-0_carbonyl-C-0-0_pyridine-N-3-0_pyridine-N-3-0_pyridine-N-3-0_5,31.991958618164062,35.14045715332031,37.66042556393142,val
cr_3_imidazole-N-2-0_imidazole-N-2-0_imidazole-N-2-0_imidazole-N-2-0_hydroxyl-O-0-d1_hydroxyl-O-0-d1_4,162.35733032226562,919.9455261230468,,
fe_3_chloride-Cl-0-d1_chloride-Cl-0-d1_chloride-Cl-0-d1_chloride-Cl-0-d1_chloride-Cl-0-d1_pyridine-N-3-0_6,42.114105224609375,39.8651123046875,42.47048674559568,train
fe_2_phosphine-P-0-0_phosphine-P-0-0_phosphine-P-0-0_phosphine-P-0-0_phosphine-P-0-0_carboxyl-O-1-d1_5,32.14149475097656,29.1790771484375,35.6464063365354,train
cr_2_furan-O-0-0_furan-O-0-0_furan-O-0-0_furan-O-0-0_misc-C-4-0_misc-C-4-0_5,30.89950561523437,21.140899658203125,25.911304578097635,train
mn_2_ome2-O-0-0_ome2-O-0-0_ome2-O-0-0_carboxyl-O-1-d1_ome2-O-0-0_carboxyl-O-1-d1_6,51.87736511230469,91.14616394042967,68.50945115834834,train
mn_2_carbonyl-C-0-0_carbonyl-C-0-0_carbonyl-C-0-0_formaldehyde-O-1-0_carbonyl-C-0-0_formaldehyde-O-1-0_6,49.01031494140625,46.0931396484375,45.14036269391622,train
fe_3_cyanide-C-0-d1_cyanide-C-0-d1_cyanide-C-0-d1_chloride-Cl-0-d1_cyanide-C-0-d1_chloride-Cl-0-d1_6,39.71588134765625,37.26852416992188,36.8158391034052,train
fe_2_misc-C-4-0_misc-C-4-0_misc-C-4-0_misc-C-4-0_misc-C-4-0_carbonyl-C-0-0_5,32.98820495605469,34.727020263671875,36.779553182387104,train
cr_2_acetonitrile-N-1-0_acetonitrile-N-1-0_acetonitrile-N-1-0_pyridine-N-3-0_pyridine-N-3-0_pyridine-N-3-0_5,37.3529052734375,26.59950256347656,,
fe_3_ome2-O-0-0_ome2-O-0-0_ome2-O-0-0_ome2-O-0-0_ome2-O-0-0_cs-C-0-0_6,46.58660888671875,45.52993774414063,45.335907643861944,train
fe_2_ammonia-N-0-0_ammonia-N-0-0_ammonia-N-0-0_ammonia-N-0-0_ammonia-N-0-0_formaldehyde-O-1-0_5,33.504486083984375,37.82150268554688,38.9349023136067,train
co_2_SH2-S-0-0_SH2-S-0-0_SH2-S-0-0_SH2-S-0-0_acetonitrile-N-1-0_acetonitrile-N-1-0_4,40.70098876953125,7.373733520507812,,
fe_2_misc-C-4-0_misc-C-4-0_misc-C-4-0_water-O-0-0_misc-C-4-0_water-O-0-0_5,34.059906005859375,37.241058349609375,37.314394012048695,train
mn_3_chloride-Cl-0-d1_chloride-Cl-0-d1_chloride-Cl-0-d1_cs-C-0-0_cs-C-0-0_cs-C-0-0_5,34.936065673828125,26.803436279296875,25.26341190813076,train
co_3_misc-C-4-0_misc-C-4-0_misc-C-4-0_misc-C-4-0_thiocyanate-S-0-d1_thiocyanate-S-0-d1_5,10.438156127929688,1.043548583984375,13.710056362622971,train
cr_2_imidazole-N-2-0_imidazole-N-2-0_imidazole-N-2-0_imidazole-N-2-0_acetonitrile-N-1-0_acetonitrile-N-1-0_5,12.987060546875,-1.3213348388671875,,
fe_2_ammonia-N-0-0_ammonia-N-0-0_furan-O-0-0_furan-O-0-0_ammonia-N-0-0_furan-O-0-0_5,34.42008972167969,39.09111022949219,37.68108023806367,train
fe_2_carboxyl-O-1-d1_carboxyl-O-1-d1_carboxyl-O-1-d1_carboxyl-O-1-d1_furan-O-0-0_furan-O-0-0_5,29.16488647460937,34.775848388671875,34.85963542659695,train
fe_3_acetonitrile-N-1-0_acetonitrile-N-1-0_acetonitrile-N-1-0_misc-C-4-0_acetonitrile-N-1-0_misc-C-4-0_6,40.85479736328125,38.55010986328125,40.583095520360814,train
fe_2_formaldehyde-O-1-0_formaldehyde-O-1-0_formaldehyde-O-1-0_SH2-S-0-0_formaldehyde-O-1-0_SH2-S-0-0_5,33.23051452636719,37.55401611328125,37.67828829402067,train
cr_3_thiocyanate-S-0-d1_thiocyanate-S-0-d1_thiocyanate-S-0-d1_thiocyanate-S-0-d1_formaldehyde-O-1-0_formaldehyde-O-1-0_4,,25.566635131835938,30.32027807609114,val
mn_2_imidazole-N-2-0_imidazole-N-2-0_imidazole-N-2-0_imidazole-N-2-0_imidazole-N-2-0_misc-C-4-0_6,65.22529602050781,69.74342346191406,,
cr_3_cyanide-C-0-d1_cyanide-C-0-d1_cyanide-C-0-d1_chloride-Cl-0-d1_cyanide-C-0-d1_chloride-Cl-0-d1_4,,,,
co_2_phosphine-P-0-0_phosphine-P-0-0_phosphine-P-0-0_phosphine-P-0-0_phosphine-P-0-0_carbonyl-C-0-0_4,38.94523620605469,36.561279296875,40.221908304504616,val
fe_2_acetonitrile-N-1-0_acetonitrile-N-1-0_acetonitrile-N-1-0_acetonitrile-N-1-0_ome2-O-0-0_ome2-O-0-0_5,29.04975891113281,35.206756591796875,36.3219419664647,train
cr_2_acetonitrile-N-1-0_acetonitrile-N-1-0_acetonitrile-N-1-0_water-O-0-0_water-O-0-0_water-O-0-0_5,21.591033935546875,5.974273681640625,11.297655071792493,train
fe_3_pyridine-N-3-0_pyridine-N-3-0_pyridine-N-3-0_pyridine-N-3-0_hydroxyl-O-0-d1_hydroxyl-O-0-d1_6,43.40293884277344,42.08000183105469,,
cr_2_imidazole-N-2-0_imidazole-N-2-0_imidazole-N-2-0_imidazole-N-2-0_ome2-O-0-0_ome2-O-0-0_5,55.74882507324219,37.06024169921875,34.89806141444615,train
fe_2_acetonitrile-N-1-0_acetonitrile-N-1-0_acetonitrile-N-1-0_acetonitrile-N-1-0_acetonitrile-N-1-0_cs-C-0-0_5,30.411605834960938,34.1973876953125,35.59064086193438,train
fe_2_carbonyl-C-0-0_carbonyl-C-0-0_carbonyl-C-0-0_carbonyl-C-0-0_SH2-S-0-0_SH2-S-0-0_5,34.934234619140625,37.1331787109375,37.386703647145275,train
co_2_formaldehyde-O-1-0_formaldehyde-O-1-0_formaldehyde-O-1-0_formaldehyde-O-1-0_formaldehyde-O-1-0_amine-N-0-d1_4,40.867919921875,,,
fe_2_pyridine-N-3-0_pyridine-N-3-0_pyridine-N-3-0_pyridine-N-3-0_furan-O-0-0_furan-O-0-0_5,27.621994018554688,27.97889709472656,,
co_2_cs-C-0-0_cs-C-0-0_cs-C-0-0_cs-C-0-0_cs-C-0-0_acetonitrile-N-1-0_4,47.95158386230469,43.07525634765625,40.81118029192939,train
fe_3_hydroxyl-O-0-d1_hydroxyl-O-0-d1_hydroxyl-O-0-d1_hydroxyl-O-0-d1_imidazole-N-2-0_imidazole-N-2-0_6,45.33302307128906,43.52104187011719,41.616732760337435,train
mn_2_cyanide-C-0-d1_cyanide-C-0-d1_cyanide-C-0-d1_cyanide-C-0-d1_acetonitrile-N-1-0_acetonitrile-N-1-0_6,44.25048828125,39.95033264160156,48.051801889109086,val
fe_2_SH2-S-0-0_SH2-S-0-0_SH2-S-0-0_SH2-S-0-0_SH2-S-0-0_SH2-S-0-0_5,35.219879150390625,38.1341552734375,39.105470698230185,train
mn_3_cyanide-C-0-d1_cyanide-C-0-d1_imidazole-N-2-0_imidazole-N-2-0_cyanide-C-0-d1_imidazole-N-2-0_5,32.47123718261719,21.65687561035156,27.33610902693761,train
fe_2_furan-O-0-0_furan-O-0-0_furan-O-0-0_ome2-O-0-0_ome2-O-0-0_ome2-O-0-0_5,33.37493896484375,36.419219970703125,37.222949958571334,train
mn_2_pyridine-N-3-0_pyridine-N-3-0_pyridine-N-3-0_pyridine-N-3-0_pyridine-N-3-0_acetonitrile-N-1-0_6,,,,
fe_2_SH2-S-0-0_SH2-S-0-0_SH2-S-0-0_SH2-S-0-0_SH2-S-0-0_cs-C-0-0_5,34.554290771484375,39.50706481933594,38.31207283597837,train
fe_3_water-O-0-0_water-O-0-0_water-O-0-0_water-O-0-0_thiocyanate-S-0-d1_thiocyanate-S-0-d1_6,48.00796508789063,57.47833251953125,46.80047289152834,train
cr_3_formaldehyde-O-1-0_formaldehyde-O-1-0_formaldehyde-O-1-0_formaldehyde-O-1-0_thiocyanate-S-0-d1_thiocyanate-S-0-d1_4,138.45970153808594,,,
mn_2_imidazole-N-2-0_imidazole-N-2-0_imidazole-N-2-0_cs-C-0-0_imidazole-N-2-0_cs-C-0-0_6,43.262786865234375,,,
fe_2_ammonia-N-0-0_ammonia-N-0-0_ammonia-N-0-0_ammonia-N-0-0_acetonitrile-N-1-0_acetonitrile-N-1-0_5,36.29402160644531,39.93980407714844,38.51089610123317,train
co_3_carbonyl-C-0-0_carbonyl-C-0-0_carbonyl-C-0-0_carbonyl-C-0-0_carbonyl-C-0-0_water-O-0-0_5,27.168197631835938,26.114578247070312,25.538784459696366,train
fe_3_chloride-Cl-0-d1_chloride-Cl-0-d1_chloride-Cl-0-d1_imidazole-N-2-0_imidazole-N-2-0_imidazole-N-2-0_6,39.62059020996094,39.472198486328125,39.36937368771857,train
fe_2_ome2-O-0-0_ome2-O-0-0_ome2-O-0-0_ome2-O-0-0_ammonia-N-0-0_ammonia-N-0-0_5,30.263671875,36.46644592285156,36.16997599450216,train
fe_3_thiocyanate-S-0-d1_thiocyanate-S-0-d1_thiocyanate-S-0-d1_cs-C-0-0_thiocyanate-S-0-d1_cs-C-0-0_6,13.200836181640623,10.850448608398438,31.328740427304044,train
fe_2_pyridine-N-3-0_pyridine-N-3-0_pyridine-N-3-0_pyridine-N-3-0_acetonitrile-N-1-0_acetonitrile-N-1-0_5,25.91011047363281,29.37042236328125,34.038866169807626,train
cr_2_ome2-O-0-0_ome2-O-0-0_ome2-O-0-0_thiocyanate-S-0-d1_thiocyanate-S-0-d1_thiocyanate-S-0-d1_5,64.232177734375,46.03057861328125,,
co_2_misc-C-4-0_misc-C-4-0_misc-C-4-0_misc-C-4-0_misc-C-4-0_amine-N-0-d1_4,,,,
mn_2_pyridine-N-3-0_pyridine-N-3-0_pyridine-N-3-0_ome2-O-0-0_pyridine-N-3-0_ome2-O-0-0_6,,41.8963623046875,,
fe_2_ome2-O-0-0_ome2-O-0-0_ome2-O-0-0_SH2-S-0-0_ome2-O-0-0_SH2-S-0-0_5,38.61831665039063,38.57292175292969,37.832397032683474,train
fe_2_water-O-0-0_water-O-0-0_water-O-0-0_water-O-0-0_carbonyl-C-0-0_carbonyl-C-0-0_5,33.97865295410156,40.29441833496094,41.917434495774444,train
mn_2_acetonitrile-N-1-0_acetonitrile-N-1-0_acetonitrile-N-1-0_pyridine-N-3-0_pyridine-N-3-0_pyridine-N-3-0_6,69.47685241699219,78.13163757324219,59.80087196889508,train
co_2_imidazole-N-2-0_imidazole-N-2-0_imidazole-N-2-0_imidazole-N-2-0_imidazole-N-2-0_acetonitrile-N-1-0_4,,,,
mn_2_SH2-S-0-0_SH2-S-0-0_SH2-S-0-0_SH2-S-0-0_water-O-0-0_water-O-0-0_6,,60.0,,
mn_2_furan-O-0-0_furan-O-0-0_water-O-0-0_water-O-0-0_furan-O-0-0_water-O-0-0_6,,,,
co_3_acetonitrile-N-1-0_acetonitrile-N-1-0_acetonitrile-N-1-0_acetonitrile-N-1-0_fluoride-F-0-d1_fluoride-F-0-d1_5,28.05267333984375,31.34017944335937,30.50149057708771,train
mn_2_imidazole-N-2-0_imidazole-N-2-0_imidazole-N-2-0_imidazole-N-2-0_ome2-O-0-0_ome2-O-0-0_6,43.97056579589844,,,
co_2_carboxyl-O-1-d1_carboxyl-O-1-d1_carboxyl-O-1-d1_carboxyl-O-1-d1_ammonia-N-0-0_ammonia-N-0-0_4,66.91566467285156,37.488555908203125,34.682561906418094,train
co_2_imidazole-N-2-0_imidazole-N-2-0_imidazole-N-2-0_imidazole-N-2-0_imidazole-N-2-0_amine-N-0-d1_4,68.67324829101562,38.06396484375,39.33680744114713,train
fe_2_formaldehyde-O-1-0_formaldehyde-O-1-0_formaldehyde-O-1-0_water-O-0-0_water-O-0-0_water-O-0-0_5,32.63465881347656,38.65089416503906,38.296970149103515,train
mn_3_carbonyl-C-0-0_carbonyl-C-0-0_carbonyl-C-0-0_carbonyl-C-0-0_ammonia-N-0-0_ammonia-N-0-0_5,22.265853881835938,11.117477416992188,18.891476070739838,train
fe_3_cs-C-0-0_cs-C-0-0_cs-C-0-0_ammonia-N-0-0_cs-C-0-0_ammonia-N-0-0_6,45.1910400390625,38.86100769042969,39.749359137290654,train
cr_2_ome2-O-0-0_ome2-O-0-0_ome2-O-0-0_ome2-O-0-0_ome2-O-0-0_chloride-Cl-0-d1_5,10.164947509765623,-13.610763549804688,,
mn_3_formaldehyde-O-1-0_formaldehyde-O-1-0_pyridine-N-3-0_pyridine-N-3-0_formaldehyde-O-1-0_pyridine-N-3-0_5,31.329345703125,18.246612548828125,,
co_2_ome2-O-0-0_ome2-O-0-0_ome2-O-0-0_ome2-O-0-0_cyanide-C-0-d1_cyanide-C-0-d1_4,43.1060791015625,41.00189208984375,38.656357642822556,train
fe_3_pyridine-N-3-0_pyridine-N-3-0_pyridine-N-3-0_phosphine-P-0-0_pyridine-N-3-0_phosphine-P-0-0_6,47.01812744140625,49.199981689453125,46.533159698913714,train
mn_3_phosphine-P-0-0_phosphine-P-0-0_phosphine-P-0-0_phosphine-P-0-0_formaldehyde-O-1-0_formaldehyde-O-1-0_5,17.674407958984375,,,
cr_3_pyridine-N-3-0_pyridine-N-3-0_pyridine-N-3-0_pyridine-N-3-0_hydroxyl-O-0-d1_hydroxyl-O-0-d1_4,145.87875366210938,371.9970703125,42.293368368804764,train
co_2_carboxyl-O-1-d1_carboxyl-O-1-d1_carboxyl-O-1-d1_pyridine-N-3-0_carboxyl-O-1-d1_pyridine-N-3-0_4,107.00180053710938,113.98933410644533,,
fe_2_furan-O-0-0_furan-O-0-0_furan-O-0-0_furan-O-0-0_imidazole-N-2-0_imidazole-N-2-0_5,26.888656616210938,33.67607116699219,36.046299340749236,train
co_2_phosphine-P-0-0_phosphine-P-0-0_phosphine-P-0-0_thiocyanate-S-0-d1_phosphine-P-0-0_thiocyanate-S-0-d1_4,46.84135437011719,43.99650573730469,39.37028832506524,train
cr_2_phosphine-P-0-0_phosphine-P-0-0_phosphine-P-0-0_phosphine-P-0-0_phosphine-P-0-0_acetonitrile-N-1-0_5,51.05934143066406,36.46125793457031,12.604180955230872,val
fe_3_cs-C-0-0_cs-C-0-0_cs-C-0-0_cyanide-C-0-d1_cs-C-0-0_cyanide-C-0-d1_6,42.81532287597656,40.24688720703125,39.10834550948623,train
mn_2_ome2-O-0-0_ome2-O-0-0_ome2-O-0-0_misc-C-4-0_misc-C-4-0_misc-C-4-0_6,86.99195861816406,75.0,,
mn_2_misc-C-4-0_misc-C-4-0_misc-C-4-0_misc-C-4-0_misc-C-4-0_ome2-O-0-0_6,49.21638488769531,42.499847412109375,43.456566204586764,train
mn_2_ome2-O-0-0_ome2-O-0-0_ome2-O-0-0_ome2-O-0-0_ome2-O-0-0_phosphine-P-0-0_6,,24.58953857421875,,
co_2_furan-O-0-0_furan-O-0-0_furan-O-0-0_furan-O-0-0_chloride-Cl-0-d1_chloride-Cl-0-d1_4,78.07579040527344,,,
co_2_misc-C-4-0_misc-C-4-0_misc-C-4-0_misc-C-4-0_misc-C-4-0_imidazole-N-2-0_4,39.09019470214844,44.81407165527344,,
co_3_thiocyanate-S-0-d1_thiocyanate-S-0-d1_misc-C-4-0_misc-C-4-0_thiocyanate-S-0-d1_misc-C-4-0_5,17.811431884765625,9.181671142578123,14.371520096223968,train
fe_2_formaldehyde-O-1-0_formaldehyde-O-1-0_formaldehyde-O-1-0_formaldehyde-O-1-0_carbonyl-C-0-0_carbonyl-C-0-0_5,33.58154296875,37.95021057128906,38.13921164047762,train
fe_3_ome2-O-0-0_ome2-O-0-0_ome2-O-0-0_phosphine-P-0-0_ome2-O-0-0_phosphine-P-0-0_6,60.19630432128906,54.08470153808594,48.43231732167899,train
fe_2_ome2-O-0-0_ome2-O-0-0_ome2-O-0-0_acetonitrile-N-1-0_ome2-O-0-0_acetonitrile-N-1-0_5,29.303970336914062,36.25480651855469,36.55518599626566,train
fe_3_imidazole-N-2-0_imidazole-N-2-0_imidazole-N-2-0_formaldehyde-O-1-0_imidazole-N-2-0_formaldehyde-O-1-0_6,,34.022369384765625,,
mn_2_imidazole-N-2-0_imidazole-N-2-0_imidazole-N-2-0_imidazole-N-2-0_imidazole-N-2-0_chloride-Cl-0-d1_6,47.86125183105469,43.12187194824219,,
fe_2_ammonia-N-0-0_ammonia-N-0-0_ammonia-N-0-0_carbonyl-C-0-0_carbonyl-C-0-0_carbonyl-C-0-0_5,35.11772155761719,38.27407836914063,39.80613066820993,train
fe_2_furan-O-0-0_furan-O-0-0_furan-O-0-0_SH2-S-0-0_SH2-S-0-0_SH2-S-0-0_5,33.31855773925781,37.88780212402344,37.33058556215397,train
fe_2_ammonia-N-0-0_ammonia-N-0-0_ammonia-N-0-0_ammonia-N-0-0_pyridine-N-3-0_pyridine-N-3-0_5,33.34739685058594,36.86744689941406,36.772611446419454,train
mn_2_carbonyl-C-0-0_carbonyl-C-0-0_carbonyl-C-0-0_carbonyl-C-0-0_carbonyl-C-0-0_cs-C-0-0_6,54.136505126953125,50.31021118164063,49.27564736825448,train
fe_2_cs-C-0-0_cs-C-0-0_cs-C-0-0_cs-C-0-0_cs-C-0-0_SH2-S-0-0_5,34.65766906738281,,,
fe_2_formaldehyde-O-1-0_formaldehyde-O-1-0_formaldehyde-O-1-0_pyridine-N-3-0_pyridine-N-3-0_pyridine-N-3-0_5,36.35040283203125,,,
fe_2_phosphine-P-0-0_phosphine-P-0-0_phosphine-P-0-0_phosphine-P-0-0_water-O-0-0_water-O-0-0_5,35.819091796875,39.144287109375,38.43623309779002,train
fe_3_formaldehyde-O-1-0_formaldehyde-O-1-0_formaldehyde-O-1-0_phosphine-P-0-0_phosphine-P-0-0_phosphine-P-0-0_6,54.16130065917969,,,
cr_2_ammonia-N-0-0_ammonia-N-0-0_ammonia-N-0-0_carboxyl-O-1-d1_carboxyl-O-1-d1_carboxyl-O-1-d1_5,17.538681030273438,1.310577392578125,5.0728620360211405,train
fe_2_water-O-0-0_water-O-0-0_water-O-0-0_water-O-0-0_water-O-0-0_carbonyl-C-0-0_5,33.009796142578125,39.82521057128906,42.83376907871174,val
fe_2_ammonia-N-0-0_ammonia-N-0-0_ammonia-N-0-0_formaldehyde-O-1-0_formaldehyde-O-1-0_formaldehyde-O-1-0_5,32.399444580078125,37.44041442871094,38.01158562633124,train
cr_2_pyridine-N-3-0_pyridine-N-3-0_pyridine-N-3-0_pyridine-N-3-0_pyridine-N-3-0_hydroxyl-O-0-d1_5,29.437179565429688,18.165740966796875,21.59199220876616,train
cr_2_cs-C-0-0_cs-C-0-0_cs-C-0-0_cs-C-0-0_formaldehyde-O-1-0_formaldehyde-O-1-0_5,32.79441833496094,22.083969116210938,25.737153912902507,train
co_2_imidazole-N-2-0_imidazole-N-2-0_imidazole-N-2-0_thiocyanate-S-0-d1_thiocyanate-S-0-d1_thiocyanate-S-0-d1_4,32.347869873046875,30.425262451171875,37.46781193515241,val
mn_2_cs-C-0-0_cs-C-0-0_cs-C-0-0_cs-C-0-0_cs-C-0-0_hydroxyl-O-0-d1_6,52.304534912109375,,,
cr_2_imidazole-N-2-0_imidazole-N-2-0_imidazole-N-2-0_imidazole-N-2-0_ammonia-N-0-0_ammonia-N-0-0_5,32.14698791503906,22.491226196289062,22.36631857662375,train
mn_2_phosphine-P-0-0_phosphine-P-0-0_phosphine-P-0-0_SH2-S-0-0_SH2-S-0-0_SH2-S-0-0_6,54.37583923339844,48.261566162109375,48.64006216165709,train
mn_3_chloride-Cl-0-d1_chloride-Cl-0-d1_chloride-Cl-0-d1_cyanide-C-0-d1_chloride-Cl-0-d1_cyanide-C-0-d1_5,13.7457275390625,1.446075439453125,15.175007961300398,train
fe_2_formaldehyde-O-1-0_formaldehyde-O-1-0_misc-C-4-0_misc-C-4-0_formaldehyde-O-1-0_misc-C-4-0_5,34.195404052734375,37.45201110839844,37.33177290052369,train
fe_3_carbonyl-C-0-0_carbonyl-C-0-0_carbonyl-C-0-0_water-O-0-0_carbonyl-C-0-0_water-O-0-0_6,45.53924560546875,43.91075134277344,46.10642759068611,train
cr_2_cs-C-0-0_cs-C-0-0_cs-C-0-0_pyridine-N-3-0_cs-C-0-0_pyridine-N-3-0_5,48.209381103515625,40.46089172363281,23.34268771741756,train
co_2_pyridine-N-3-0_pyridine-N-3-0_pyridine-N-3-0_pyridine-N-3-0_cyanide-C-0-d1_cyanide-C-0-d1_4,43.39576721191406,38.52867126464844,38.816523852899266,train
mn_3_cs-C-0-0_cs-C-0-0_cs-C-0-0_hydroxyl-O-0-d1_cs-C-0-0_hydroxyl-O-0-d1_5,35.29296875,22.530441284179688,27.616883101515718,train
cr_2_misc-C-4-0_misc-C-4-0_misc-C-4-0_misc-C-4-0_misc-C-4-0_furan-O-0-0_5,25.197830200195312,11.512603759765623,,
co_3_carbonyl-C-0-0_carbonyl-C-0-0_carbonyl-C-0-0_carbonyl-C-0-0_cs-C-0-0_cs-C-0-0_5,25.565643310546875,21.169509887695312,23.847760811043795,train
mn_3_ome2-O-0-0_ome2-O-0-0_ome2-O-0-0_ome2-O-0-0_ome2-O-0-0_carboxyl-O-1-d1_5,-35.541839599609375,,,
fe_3_carboxyl-O-1-d1_carboxyl-O-1-d1_carboxyl-O-1-d1_fluoride-F-0-d1_fluoride-F-0-d1_fluoride-F-0-d1_6,34.247283935546875,,,
cr_2_furan-O-0-0_furan-O-0-0_furan-O-0-0_phosphine-P-0-0_furan-O-0-0_phosphine-P-0-0_5,11.823348999023438,-1.435546875,13.744984464971076,val
mn_2_pyridine-N-3-0_pyridine-N-3-0_pyridine-N-3-0_pyridine-N-3-0_pyridine-N-3-0_furan-O-0-0_6,,,,
fe_2_acetonitrile-N-1-0_acetonitrile-N-1-0_acetonitrile-N-1-0_water-O-0-0_water-O-0-0_water-O-0-0_5,30.93086242675781,37.0001220703125,37.775162182775674,train
mn_3_water-O-0-0_water-O-0-0_water-O-0-0_water-O-0-0_thiocyanate-S-0-d1_thiocyanate-S-0-d1_5,29.91127014160156,20.393218994140625,18.34623809898542,val
cr_2_ome2-O-0-0_ome2-O-0-0_ome2-O-0-0_ome2-O-0-0_acetonitrile-N-1-0_acetonitrile-N-1-0_5,57.07939147949219,41.00883483886719,15.28676009251098,val
mn_2_ome2-O-0-0_ome2-O-0-0_ome2-O-0-0_ome2-O-0-0_fluoride-F-0-d1_fluoride-F-0-d1_6,88.07830810546875,64.53773498535156,65.1763108671502,train
co_2_SH2-S-0-0_SH2-S-0-0_SH2-S-0-0_imidazole-N-2-0_SH2-S-0-0_imidazole-N-2-0_4,38.26499938964844,35.618438720703125,39.53402774472904,train
cr_2_ome2-O-0-0_ome2-O-0-0_ome2-O-0-0_chloride-Cl-0-d1_ome2-O-0-0_chloride-Cl-0-d1_5,34.16572570800781,18.745574951171875,15.981697749697053,train
mn_3_acetonitrile-N-1-0_acetonitrile-N-1-0_acetonitrile-N-1-0_acetonitrile-N-1-0_SH2-S-0-0_SH2-S-0-0_5,19.5721435546875,7.573699951171875,18.534015507362597,val
mn_2_cs-C-0-0_cs-C-0-0_formaldehyde-O-1-0_formaldehyde-O-1-0_cs-C-0-0_formaldehyde-O-1-0_6,,,,
co_2_water-O-0-0_water-O-0-0_water-O-0-0_water-O-0-0_furan-O-0-0_furan-O-0-0_4,34.66896057128906,33.89923095703125,37.61081865240601,train
cr_2_ome2-O-0-0_ome2-O-0-0_ome2-O-0-0_water-O-0-0_ome2-O-0-0_water-O-0-0_5,18.38050842285156,2.806854248046875,20.217450509559885,val
co_3_phosphine-P-0-0_phosphine-P-0-0_phosphine-P-0-0_phosphine-P-0-0_carboxyl-O-1-d1_carboxyl-O-1-d1_5,1.3543701171875,-15.835723876953123,11.205587227732504,train
fe_2_ome2-O-0-0_ome2-O-0-0_ome2-O-0-0_ome2-O-0-0_ome2-O-0-0_furan-O-0-0_5,28.962326049804688,,,
mn_2_imidazole-N-2-0_imidazole-N-2-0_imidazole-N-2-0_imidazole-N-2-0_imidazole-N-2-0_thiocyanate-S-0-d1_6,,,,
cr_2_chloride-Cl-0-d1_chloride-Cl-0-d1_chloride-Cl-0-d1_furan-O-0-0_furan-O-0-0_furan-O-0-0_5,31.81243896484375,15.952224731445312,16.16826716589549,train
cr_2_ome2-O-0-0_ome2-O-0-0_ome2-O-0-0_ome2-O-0-0_ome2-O-0-0_furan-O-0-0_5,47.920684814453125,30.407638549804688,31.07849789129994,train
co_2_cs-C-0-0_cs-C-0-0_phosphine-P-0-0_phosphine-P-0-0_cs-C-0-0_phosphine-P-0-0_4,43.703460693359375,40.31044006347656,39.658513886547034,train
fe_3_cyanide-C-0-d1_cyanide-C-0-d1_cyanide-C-0-d1_hydroxyl-O-0-d1_cyanide-C-0-d1_hydroxyl-O-0-d1_6,56.31324768066406,61.837921142578125,51.30984155561058,train
cr_3_ammonia-N-0-0_ammonia-N-0-0_imidazole-N-2-0_imidazole-N-2-0_ammonia-N-0-0_imidazole-N-2-0_4,34.53956604003906,-92.66365051269533,,
fe_2_formaldehyde-O-1-0_formaldehyde-O-1-0_formaldehyde-O-1-0_formaldehyde-O-1-0_formaldehyde-O-1-0_acetonitrile-N-1-0_5,31.313247680664062,36.59591674804688,37.10324118392372,train
fe_3_carbonyl-C-0-0_carbonyl-C-0-0_carbonyl-C-0-0_carbonyl-C-0-0_carbonyl-C-0-0_thiocyanate-S-0-d1_6,,132.78953552246094,41.114553427105896,val
co_2_misc-C-4-0_misc-C-4-0_misc-C-4-0_misc-C-4-0_cs-C-0-0_cs-C-0-0_4,45.59486389160156,39.67521667480469,39.12813251774548,train
co_2_cs-C-0-0_cs-C-0-0_water-O-0-0_water-O-0-0_cs-C-0-0_water-O-0-0_4,39.029388427734375,37.21214294433594,37.44337553446148,train
co_2_misc-C-4-0_misc-C-4-0_misc-C-4-0_misc-C-4-0_misc-C-4-0_SH2-S-0-0_4,45.55000305175781,41.63230895996094,40.02952848350651,train
cr_2_thiocyanate-S-0-d1_thiocyanate-S-0-d1_thiocyanate-S-0-d1_thiocyanate-S-0-d1_carbonyl-C-0-0_carbonyl-C-0-0_5,36.78550720214844,25.74691772460937,26.453658825102302,train
mn_2_cs-C-0-0_cs-C-0-0_cs-C-0-0_SH2-S-0-0_SH2-S-0-0_SH2-S-0-0_6,,,,
co_3_imidazole-N-2-0_imidazole-N-2-0_imidazole-N-2-0_ome2-O-0-0_imidazole-N-2-0_ome2-O-0-0_5,7.042083740234375,0.3896331787109375,,
co_2_pyridine-N-3-0_pyridine-N-3-0_pyridine-N-3-0_pyridine-N-3-0_pyridine-N-3-0_furan-O-0-0_4,34.08439636230469,31.418609619140625,,
fe_2_ome2-O-0-0_ome2-O-0-0_ome2-O-0-0_ome2-O-0-0_formaldehyde-O-1-0_formaldehyde-O-1-0_5,29.99847412109375,37.376708984375,37.28436716365714,train
fe_2_ammonia-N-0-0_ammonia-N-0-0_ammonia-N-0-0_ammonia-N-0-0_SH2-S-0-0_SH2-S-0-0_5,34.66819763183594,38.29216003417969,38.55702353258484,train
cr_3_carbonyl-C-0-0_carbonyl-C-0-0_carbonyl-C-0-0_cyanide-C-0-d1_carbonyl-C-0-0_cyanide-C-0-d1_4,146.29013061523438,,,
mn_2_SH2-S-0-0_SH2-S-0-0_SH2-S-0-0_SH2-S-0-0_imidazole-N-2-0_imidazole-N-2-0_6,,49.05929565429688,,
fe_2_furan-O-0-0_furan-O-0-0_furan-O-0-0_furan-O-0-0_fluoride-F-0-d1_fluoride-F-0-d1_5,23.975830078125,35.37818908691406,37.8695786532177,train
mn_3_cyanide-C-0-d1_cyanide-C-0-d1_cyanide-C-0-d1_pyridine-N-3-0_pyridine-N-3-0_pyridine-N-3-0_5,46.15730285644531,36.043548583984375,31.713106299769073,train
fe_2_formaldehyde-O-1-0_formaldehyde-O-1-0_SH2-S-0-0_SH2-S-0-0_formaldehyde-O-1-0_SH2-S-0-0_5,35.19866943359375,37.90687561035156,37.97394131044657,train
fe_3_carbonyl-C-0-0_carbonyl-C-0-0_carbonyl-C-0-0_phosphine-P-0-0_phosphine-P-0-0_phosphine-P-0-0_6,47.65716552734375,39.67803955078125,41.73473213490903,train
mn_3_formaldehyde-O-1-0_formaldehyde-O-1-0_formaldehyde-O-1-0_formaldehyde-O-1-0_formaldehyde-O-1-0_fluoride-F-0-d1_5,31.84188842773437,2.049789428710937,,
co_2_ome2-O-0-0_ome2-O-0-0_ome2-O-0-0_ome2-O-0-0_ome2-O-0-0_acetonitrile-N-1-0_4,46.84700012207031,45.57151794433594,,
cr_3_pyridine-N-3-0_pyridine-N-3-0_pyridine-N-3-0_pyridine-N-3-0_chloride-Cl-0-d1_chloride-Cl-0-d1_4,30.48652648925781,4.815521240234375,22.9737918225133,train
fe_3_pyridine-N-3-0_pyridine-N-3-0_pyridine-N-3-0_pyridine-N-3-0_pyridine-N-3-0_carbonyl-C-0-0_6,41.11846923828125,38.18389892578125,41.395918858682194,train
fe_2_imidazole-N-2-0_imidazole-N-2-0_imidazole-N-2-0_imidazole-N-2-0_imidazole-N-2-0_misc-C-4-0_5,29.818115234375,37.97164916992188,37.164761216137414,train
fe_3_misc-C-4-0_misc-C-4-0_misc-C-4-0_misc-C-4-0_pyridine-N-3-0_pyridine-N-3-0_6,,,,
mn_2_cs-C-0-0_cs-C-0-0_cs-C-0-0_cs-C-0-0_thiocyanate-S-0-d1_thiocyanate-S-0-d1_6,62.215118408203125,66.65390014648438,54.410305319841825,train
co_2_ammonia-N-0-0_ammonia-N-0-0_SH2-S-0-0_SH2-S-0-0_ammonia-N-0-0_SH2-S-0-0_4,39.174346923828125,37.016143798828125,40.16817296130862,val
fe_2_cyanide-C-0-d1_cyanide-C-0-d1_cyanide-C-0-d1_cyanide-C-0-d1_pyridine-N-3-0_pyridine-N-3-0_5,31.028976440429688,33.62518310546875,33.07889305634761,train
mn_2_furan-O-0-0_furan-O-0-0_furan-O-0-0_carbonyl-C-0-0_furan-O-0-0_carbonyl-C-0-0_6,53.11836242675781,47.02430725097656,55.60753271688573,train
fe_2_acetonitrile-N-1-0_acetonitrile-N-1-0_acetonitrile-N-1-0_ammonia-N-0-0_ammonia-N-0-0_ammonia-N-0-0_5,34.9444580078125,38.78318786621094,36.786690688654765,train
cr_3_ammonia-N-0-0_ammonia-N-0-0_ammonia-N-0-0_ammonia-N-0-0_ammonia-N-0-0_amine-N-0-d1_4,36.25617980957031,7.739639282226562,36.65740033295132,val
mn_2_phosphine-P-0-0_phosphine-P-0-0_phosphine-P-0-0_phosphine-P-0-0_phosphine-P-0-0_cyanide-C-0-d1_6,,,,
mn_2_SH2-S-0-0_SH2-S-0-0_SH2-S-0-0_SH2-S-0-0_SH2-S-0-0_acetonitrile-N-1-0_6,51.46087646484375,48.07777404785156,48.132290712649386,train
co_2_cs-C-0-0_cs-C-0-0_cs-C-0-0_cs-C-0-0_cs-C-0-0_hydroxyl-O-0-d1_4,39.59159851074219,37.54409790039063,39.85587642513174,train
co_2_SH2-S-0-0_SH2-S-0-0_SH2-S-0-0_water-O-0-0_water-O-0-0_water-O-0-0_4,46.165618896484375,44.09996032714844,43.96131830859825,train
co_3_formaldehyde-O-1-0_formaldehyde-O-1-0_formaldehyde-O-1-0_formaldehyde-O-1-0_formaldehyde-O-1-0_pyridine-N-3-0_5,11.385269165039062,,,
cr_2_furan-O-0-0_furan-O-0-0_furan-O-0-0_furan-O-0-0_pyridine-N-3-0_pyridine-N-3-0_5,-11.016769409179688,-26.407012939453125,,
fe_2_ammonia-N-0-0_ammonia-N-0-0_ammonia-N-0-0_carboxyl-O-1-d1_ammonia-N-0-0_carboxyl-O-1-d1_5,33.28544616699219,37.42523193359375,37.65141334074387,val
fe_2_pyridine-N-3-0_pyridine-N-3-0_pyridine-N-3-0_pyridine-N-3-0_pyridine-N-3-0_cs-C-0-0_5,32.85758972167969,,,
fe_2_formaldehyde-O-1-0_formaldehyde-O-1-0_formaldehyde-O-1-0_formaldehyde-O-1-0_pyridine-N-3-0_pyridine-N-3-0_5,30.98052978515625,36.16096496582031,36.48894284439157,train
co_2_ome2-O-0-0_ome2-O-0-0_ome2-O-0-0_cs-C-0-0_ome2-O-0-0_cs-C-0-0_4,42.606353759765625,40.68862915039063,39.47315533609017,train
co_2_ome2-O-0-0_ome2-O-0-0_ome2-O-0-0_ome2-O-0-0_ome2-O-0-0_amine-N-0-d1_4,100.91217041015624,107.54898071289062,38.78190076348094,val
fe_3_hydroxyl-O-0-d1_hydroxyl-O-0-d1_hydroxyl-O-0-d1_hydroxyl-O-0-d1_ome2-O-0-0_ome2-O-0-0_6,57.664337158203125,42.27684020996094,41.61451612692209,train
co_2_water-O-0-0_water-O-0-0_water-O-0-0_water-O-0-0_water-O-0-0_imidazole-N-2-0_4,60.61248779296875,57.16804504394531,46.240080978223226,train
co_2_furan-O-0-0_furan-O-0-0_furan-O-0-0_furan-O-0-0_furan-O-0-0_acetonitrile-N-1-0_4,37.31605529785156,36.486358642578125,,
mn_2_cyanide-C-0-d1_cyanide-C-0-d1_cyanide-C-0-d1_cyanide-C-0-d1_imidazole-N-2-0_imidazole-N-2-0_6,51.757659912109375,47.83248901367188,48.017566376068615,train
fe_2_imidazole-N-2-0_imidazole-N-2-0_imidazole-N-2-0_imidazole-N-2-0_carboxyl-O-1-d1_carboxyl-O-1-d1_5,33.83552551269531,37.95913696289063,36.59046595746204,train
cr_2_phosphine-P-0-0_phosphine-P-0-0_phosphine-P-0-0_phosphine-P-0-0_phosphine-P-0-0_water-O-0-0_5,23.564682006835938,9.718704223632812,15.179647642597086,train
cr_2_furan-O-0-0_furan-O-0-0_furan-O-0-0_furan-O-0-0_imidazole-N-2-0_imidazole-N-2-0_5,-8.989334106445312,-28.38539123535156,,
cr_3_phosphine-P-0-0_phosphine-P-0-0_phosphine-P-0-0_ome2-O-0-0_phosphine-P-0-0_ome2-O-0-0_4,36.99737548828125,14.06494140625,27.91007234078867,val
mn_2_misc-C-4-0_misc-C-4-0_misc-C-4-0_misc-C-4-0_misc-C-4-0_cs-C-0-0_6,47.21138000488281,43.05000305175781,45.97543230081587,train
fe_3_chloride-Cl-0-d1_chloride-Cl-0-d1_cyanide-C-0-d1_cyanide-C-0-d1_chloride-Cl-0-d1_cyanide-C-0-d1_6,39.7186279296875,36.853790283203125,33.994869652161285,train
co_2_cs-C-0-0_cs-C-0-0_cs-C-0-0_cs-C-0-0_formaldehyde-O-1-0_formaldehyde-O-1-0_4,38.864593505859375,46.68907165527344,40.8868797999328,train
fe_2_acetonitrile-N-1-0_acetonitrile-N-1-0_acetonitrile-N-1-0_ome2-O-0-0_ome2-O-0-0_ome2-O-0-0_5,29.189605712890625,35.60455322265625,36.89414341368261,train
co_3_imidazole-N-2-0_imidazole-N-2-0_imidazole-N-2-0_imidazole-N-2-0_phosphine-P-0-0_phosphine-P-0-0_5,11.95343017578125,3.2263946533203125,,
fe_2_water-O-0-0_water-O-0-0_water-O-0-0_water-O-0-0_water-O-0-0_ome2-O-0-0_5,30.843734741210938,38.38310241699219,41.52984692886009,val
co_2_acetonitrile-N-1-0_acetonitrile-N-1-0_acetonitrile-N-1-0_acetonitrile-N-1-0_acetonitrile-N-1-0_amine-N-0-d1_4,76.9903564453125,92.79640197753906,,
cr_3_acetonitrile-N-1-0_acetonitrile-N-1-0_acetonitrile-N-1-0_carbonyl-C-0-0_acetonitrile-N-1-0_carbonyl-C-0-0_4,189.82162475585935,,,
mn_2_furan-O-0-0_furan-O-0-0_furan-O-0-0_furan-O-0-0_chloride-Cl-0-d1_chloride-Cl-0-d1_6,,,,
co_3_chloride-Cl-0-d1_chloride-Cl-0-d1_chloride-Cl-0-d1_chloride-Cl-0-d1_pyridine-N-3-0_pyridine-N-3-0_5,20.698776245117188,29.82093811035156,26.692015987993074,train
fe_2_formaldehyde-O-1-0_formaldehyde-O-1-0_formaldehyde-O-1-0_furan-O-0-0_furan-O-0-0_furan-O-0-0_5,34.32441711425781,39.8284912109375,,
fe_3_misc-C-4-0_misc-C-4-0_misc-C-4-0_misc-C-4-0_ammonia-N-0-0_ammonia-N-0-0_6,40.34088134765625,37.588653564453125,41.587684273949385,val
fe_2_cs-C-0-0_cs-C-0-0_cs-C-0-0_cs-C-0-0_cs-C-0-0_furan-O-0-0_5,36.32102966308594,37.88299560546875,37.631616601719635,train
fe_2_formaldehyde-O-1-0_formaldehyde-O-1-0_formaldehyde-O-1-0_formaldehyde-O-1-0_chloride-Cl-0-d1_chloride-Cl-0-d1_5,44.44236755371094,37.37724304199219,39.083414868886955,train
fe_2_water-O-0-0_water-O-0-0_water-O-0-0_water-O-0-0_SH2-S-0-0_SH2-S-0-0_5,43.52165222167969,47.64801025390625,44.787627691657406,train
co_2_SH2-S-0-0_SH2-S-0-0_SH2-S-0-0_SH2-S-0-0_fluoride-F-0-d1_fluoride-F-0-d1_4,883.5842132568359,181.23779296875,60.60251275370345,train
mn_2_cs-C-0-0_cs-C-0-0_cs-C-0-0_furan-O-0-0_cs-C-0-0_furan-O-0-0_6,48.3990478515625,45.4132080078125,45.71802039052397,train
cr_2_cs-C-0-0_cs-C-0-0_cs-C-0-0_cs-C-0-0_imidazole-N-2-0_imidazole-N-2-0_5,17.444839477539062,4.2908477783203125,16.84838520936574,train
co_3_cs-C-0-0_cs-C-0-0_cs-C-0-0_cs-C-0-0_hydroxyl-O-0-d1_hydroxyl-O-0-d1_5,25.08018493652344,31.41929626464844,28.02988546158235,train
fe_2_formaldehyde-O-1-0_formaldehyde-O-1-0_formaldehyde-O-1-0_formaldehyde-O-1-0_furan-O-0-0_furan-O-0-0_5,29.120330810546875,35.95100402832031,36.956515381999594,train
fe_2_carbonyl-C-0-0_carbonyl-C-0-0_carbonyl-C-0-0_carbonyl-C-0-0_carbonyl-C-0-0_acetonitrile-N-1-0_5,33.49067687988281,36.37428283691406,37.57003717278921,val
cr_2_cs-C-0-0_cs-C-0-0_cs-C-0-0_cs-C-0-0_ome2-O-0-0_ome2-O-0-0_5,33.18389892578125,23.361358642578125,24.197703441236385,train
fe_2_cs-C-0-0_cs-C-0-0_cs-C-0-0_cs-C-0-0_cs-C-0-0_cs-C-0-0_5,34.79087829589844,35.27488708496094,37.15037355545104,train
co_3_water-O-0-0_water-O-0-0_water-O-0-0_cs-C-0-0_water-O-0-0_cs-C-0-0_5,26.354751586914062,25.602340698242188,26.48154078279207,train
mn_3_thiocyanate-S-0-d1_thiocyanate-S-0-d1_thiocyanate-S-0-d1_thiocyanate-S-0-d1_phosphine-P-0-0_phosphine-P-0-0_5,,,,
fe_2_SH2-S-0-0_SH2-S-0-0_SH2-S-0-0_SH2-S-0-0_pyridine-N-3-0_pyridine-N-3-0_5,32.704010009765625,36.174163818359375,36.300522584740165,train
fe_3_imidazole-N-2-0_imidazole-N-2-0_imidazole-N-2-0_imidazole-N-2-0_imidazole-N-2-0_hydroxyl-O-0-d1_6,43.94073486328125,42.26768493652344,41.48491054965616,train
cr_3_water-O-0-0_water-O-0-0_water-O-0-0_water-O-0-0_cs-C-0-0_cs-C-0-0_4,,,,
fe_2_carbonyl-C-0-0_carbonyl-C-0-0_formaldehyde-O-1-0_formaldehyde-O-1-0_carbonyl-C-0-0_formaldehyde-O-1-0_5,32.767181396484375,37.65464782714844,38.27091948874449,val
cr_3_water-O-0-0_water-O-0-0_water-O-0-0_water-O-0-0_chloride-Cl-0-d1_chloride-Cl-0-d1_4,75.98793029785156,42.23228454589844,53.92176156139878,train
fe_2_amine-N-0-d1_amine-N-0-d1_amine-N-0-d1_amine-N-0-d1_pyridine-N-3-0_pyridine-N-3-0_5,16.938095092773438,19.712142944335938,30.49303059531365,train
co_3_carbonyl-C-0-0_carbonyl-C-0-0_carbonyl-C-0-0_carbonyl-C-0-0_pyridine-N-3-0_pyridine-N-3-0_5,20.970916748046875,12.206344604492188,20.848741682148773,train
mn_2_cs-C-0-0_cs-C-0-0_cs-C-0-0_cs-C-0-0_cs-C-0-0_acetonitrile-N-1-0_6,49.02778625488281,,,
mn_2_cs-C-0-0_cs-C-0-0_phosphine-P-0-0_phosphine-P-0-0_cs-C-0-0_phosphine-P-0-0_6,50.37689208984375,42.61383056640625,,
fe_2_formaldehyde-O-1-0_formaldehyde-O-1-0_formaldehyde-O-1-0_formaldehyde-O-1-0_ome2-O-0-0_ome2-O-0-0_5,31.70616149902344,37.66281127929688,37.42378340775086,train
fe_2_carbonyl-C-0-0_carbonyl-C-0-0_carbonyl-C-0-0_furan-O-0-0_carbonyl-C-0-0_furan-O-0-0_5,33.21540832519531,37.44964599609375,37.44348979690498,train
fe_3_pyridine-N-3-0_pyridine-N-3-0_pyridine-N-3-0_pyridine-N-3-0_cs-C-0-0_cs-C-0-0_6,37.74116516113281,35.039520263671875,35.97456273109837,train
cr_2_phosphine-P-0-0_phosphine-P-0-0_phosphine-P-0-0_phosphine-P-0-0_phosphine-P-0-0_cs-C-0-0_5,21.56112670898437,12.935943603515623,12.803775865280492,train
mn_2_pyridine-N-3-0_pyridine-N-3-0_pyridine-N-3-0_pyridine-N-3-0_carbonyl-C-0-0_carbonyl-C-0-0_6,,55.04547119140625,,
mn_2_pyridine-N-3-0_pyridine-N-3-0_pyridine-N-3-0_pyridine-N-3-0_furan-O-0-0_furan-O-0-0_6,71.36001586914062,74.02481079101562,71.30758095433474,train
mn_3_SH2-S-0-0_SH2-S-0-0_SH2-S-0-0_SH2-S-0-0_SH2-S-0-0_amine-N-0-d1_5,-51.410675048828125,-30.024642944335938,13.889191531494061,train
mn_2_acetonitrile-N-1-0_acetonitrile-N-1-0_acetonitrile-N-1-0_acetonitrile-N-1-0_acetonitrile-N-1-0_furan-O-0-0_6,42.44453430175781,38.91944885253906,47.49088589600237,train
co_2_cs-C-0-0_cs-C-0-0_cs-C-0-0_cs-C-0-0_cs-C-0-0_furan-O-0-0_4,39.72373962402344,36.44844055175781,38.84500694101773,train
cr_3_cs-C-0-0_cs-C-0-0_cs-C-0-0_cs-C-0-0_cs-C-0-0_thiocyanate-S-0-d1_4,89.55108642578125,,,
mn_2_misc-C-4-0_misc-C-4-0_misc-C-4-0_misc-C-4-0_cs-C-0-0_cs-C-0-0_6,47.8143310546875,43.88420104980469,46.24768678165213,train
cr_2_cs-C-0-0_cs-C-0-0_cs-C-0-0_cs-C-0-0_cs-C-0-0_misc-C-4-0_5,30.87127685546875,21.456298828125,27.507755972645274,train
co_2_SH2-S-0-0_SH2-S-0-0_SH2-S-0-0_SH2-S-0-0_SH2-S-0-0_imidazole-N-2-0_4,57.23991394042969,54.25537109375,47.89596777074817,train
fe_2_furan-O-0-0_furan-O-0-0_furan-O-0-0_water-O-0-0_water-O-0-0_water-O-0-0_5,30.374832153320312,37.235107421875,37.42441301445459,train
cr_2_acetonitrile-N-1-0_acetonitrile-N-1-0_acetonitrile-N-1-0_acetonitrile-N-1-0_acetonitrile-N-1-0_thiocyanate-S-0-d1_5,18.309783935546875,3.2269287109375,5.421209162008036,train
fe_2_formaldehyde-O-1-0_formaldehyde-O-1-0_ome2-O-0-0_ome2-O-0-0_formaldehyde-O-1-0_ome2-O-0-0_5,30.06561279296875,37.10807800292969,37.530992494525094,train
mn_3_phosphine-P-0-0_phosphine-P-0-0_phosphine-P-0-0_carbonyl-C-0-0_phosphine-P-0-0_carbonyl-C-0-0_5,26.322021484375,17.122344970703125,20.70072530051679,train
co_3_furan-O-0-0_furan-O-0-0_furan-O-0-0_amine-N-0-d1_furan-O-0-0_amine-N-0-d1_5,7.395401000976562,-0.91796875,14.105488485440116,train
mn_3_cs-C-0-0_cs-C-0-0_cs-C-0-0_phosphine-P-0-0_cs-C-0-0_phosphine-P-0-0_5,,,,
mn_2_phosphine-P-0-0_phosphine-P-0-0_phosphine-P-0-0_furan-O-0-0_phosphine-P-0-0_furan-O-0-0_6,51.14143371582031,43.639068603515625,47.424896184888865,train
fe_2_formaldehyde-O-1-0_formaldehyde-O-1-0_formaldehyde-O-1-0_formaldehyde-O-1-0_formaldehyde-O-1-0_carbonyl-C-0-0_5,32.54631042480469,37.584228515625,37.706912477185206,train
cr_2_phosphine-P-0-0_phosphine-P-0-0_phosphine-P-0-0_water-O-0-0_water-O-0-0_water-O-0-0_5,64.02427673339844,47.08229064941406,33.121908752015706,train
fe_3_cyanide-C-0-d1_cyanide-C-0-d1_cyanide-C-0-d1_cyanide-C-0-d1_cs-C-0-0_cs-C-0-0_6,46.92779541015625,,,
co_2_phosphine-P-0-0_phosphine-P-0-0_phosphine-P-0-0_phosphine-P-0-0_phosphine-P-0-0_misc-C-4-0_4,39.746856689453125,41.22955322265625,41.631155446339264,train
fe_2_ammonia-N-0-0_ammonia-N-0-0_ammonia-N-0-0_ammonia-N-0-0_thiocyanate-S-0-d1_thiocyanate-S-0-d1_5,33.15185546875,36.53244018554688,37.958861598212515,train
mn_2_formaldehyde-O-1-0_formaldehyde-O-1-0_formaldehyde-O-1-0_formaldehyde-O-1-0_misc-C-4-0_misc-C-4-0_6,63.86299133300781,66.64375305175781,58.14085469584006,train
co_2_phosphine-P-0-0_phosphine-P-0-0_phosphine-P-0-0_phosphine-P-0-0_cyanide-C-0-d1_cyanide-C-0-d1_4,38.37547302246094,35.701141357421875,38.36662331807823,train
fe_2_imidazole-N-2-0_imidazole-N-2-0_imidazole-N-2-0_cyanide-C-0-d1_imidazole-N-2-0_cyanide-C-0-d1_5,,,,
fe_2_furan-O-0-0_furan-O-0-0_furan-O-0-0_furan-O-0-0_furan-O-0-0_SH2-S-0-0_5,26.032485961914062,32.7227783203125,35.25542524163655,train
mn_2_imidazole-N-2-0_imidazole-N-2-0_phosphine-P-0-0_phosphine-P-0-0_imidazole-N-2-0_phosphine-P-0-0_6,72.06398010253906,77.17147827148438,62.27848273162781,train
mn_2_misc-C-4-0_misc-C-4-0_misc-C-4-0_misc-C-4-0_pyridine-N-3-0_pyridine-N-3-0_6,,,,
co_2_ome2-O-0-0_ome2-O-0-0_ome2-O-0-0_water-O-0-0_ome2-O-0-0_water-O-0-0_4,36.88270568847656,36.13815307617188,36.90670233553978,val
cr_2_ome2-O-0-0_ome2-O-0-0_ome2-O-0-0_ome2-O-0-0_ome2-O-0-0_thiocyanate-S-0-d1_5,14.8797607421875,1.5370941162109375,13.713894194275053,train
mn_2_acetonitrile-N-1-0_acetonitrile-N-1-0_acetonitrile-N-1-0_SH2-S-0-0_SH2-S-0-0_SH2-S-0-0_6,52.75604248046875,44.00840759277344,,
cr_3_chloride-Cl-0-d1_chloride-Cl-0-d1_chloride-Cl-0-d1_pyridine-N-3-0_chloride-Cl-0-d1_pyridine-N-3-0_4,46.81640625,26.375808715820312,,
co_2_acetonitrile-N-1-0_acetonitrile-N-1-0_acetonitrile-N-1-0_acetonitrile-N-1-0_acetonitrile-N-1-0_imidazole-N-2-0_4,23.143539428710938,39.45365905761719,39.14877530275567,train
mn_3_pyridine-N-3-0_pyridine-N-3-0_pyridine-N-3-0_thiocyanate-S-0-d1_thiocyanate-S-0-d1_thiocyanate-S-0-d1_5,,18.486557006835938,,
co_2_imidazole-N-2-0_imidazole-N-2-0_imidazole-N-2-0_chloride-Cl-0-d1_imidazole-N-2-0_chloride-Cl-0-d1_4,40.348052978515625,38.53729248046875,38.772541398596076,train
cr_3_formaldehyde-O-1-0_formaldehyde-O-1-0_formaldehyde-O-1-0_ome2-O-0-0_ome2-O-0-0_ome2-O-0-0_4,44.32762145996094,18.943405151367188,25.12335348220099,train
fe_2_ammonia-N-0-0_ammonia-N-0-0_ammonia-N-0-0_pyridine-N-3-0_pyridine-N-3-0_pyridine-N-3-0_5,31.79718017578125,36.26304626464844,36.52341068634308,train
mn_2_imidazole-N-2-0_imidazole-N-2-0_imidazole-N-2-0_ome2-O-0-0_ome2-O-0-0_ome2-O-0-0_6,,,,
mn_2_carbonyl-C-0-0_carbonyl-C-0-0_carbonyl-C-0-0_water-O-0-0_water-O-0-0_water-O-0-0_6,43.563079833984375,40.53955078125,45.23395066817565,train
fe_2_carbonyl-C-0-0_carbonyl-C-0-0_carbonyl-C-0-0_carbonyl-C-0-0_cyanide-C-0-d1_cyanide-C-0-d1_5,,21.1871337890625,,
mn_2_water-O-0-0_water-O-0-0_water-O-0-0_water-O-0-0_water-O-0-0_SH2-S-0-0_6,86.86614990234375,92.7094268798828,64.03910909857298,train
co_2_carbonyl-C-0-0_carbonyl-C-0-0_carbonyl-C-0-0_misc-C-4-0_misc-C-4-0_misc-C-4-0_4,51.16752624511719,46.49215698242188,40.099131247273554,train
cr_3_chloride-Cl-0-d1_chloride-Cl-0-d1_chloride-Cl-0-d1_chloride-Cl-0-d1_chloride-Cl-0-d1_carbonyl-C-0-0_4,,,,
cr_2_pyridine-N-3-0_pyridine-N-3-0_pyridine-N-3-0_pyridine-N-3-0_thiocyanate-S-0-d1_thiocyanate-S-0-d1_5,6.2697601318359375,-6.9498443603515625,9.479249181929159,train
fe_2_formaldehyde-O-1-0_formaldehyde-O-1-0_formaldehyde-O-1-0_formaldehyde-O-1-0_formaldehyde-O-1-0_cs-C-0-0_5,33.43406677246094,37.171630859375,37.336216498374796,train
fe_2_carboxyl-O-1-d1_carboxyl-O-1-d1_carboxyl-O-1-d1_carboxyl-O-1-d1_carboxyl-O-1-d1_pyridine-N-3-0_5,30.689849853515625,35.36094665527344,35.09761763725063,train
fe_3_cyanide-C-0-d1_cyanide-C-0-d1_fluoride-F-0-d1_fluoride-F-0-d1_cyanide-C-0-d1_fluoride-F-0-d1_6,55.21553039550781,45.81764221191406,45.979997018538576,train
fe_2_formaldehyde-O-1-0_formaldehyde-O-1-0_formaldehyde-O-1-0_formaldehyde-O-1-0_formaldehyde-O-1-0_SH2-S-0-0_5,32.80921936035156,37.57926940917969,38.12378165383824,train
co_2_SH2-S-0-0_SH2-S-0-0_SH2-S-0-0_thiocyanate-S-0-d1_SH2-S-0-0_thiocyanate-S-0-d1_4,39.76615905761719,36.48109436035156,38.06210976395519,train
cr_2_cs-C-0-0_cs-C-0-0_cs-C-0-0_cs-C-0-0_carbonyl-C-0-0_carbonyl-C-0-0_5,52.115478515625,39.70512390136719,34.95992796236876,train
mn_3_SH2-S-0-0_SH2-S-0-0_SH2-S-0-0_SH2-S-0-0_fluoride-F-0-d1_fluoride-F-0-d1_5,,120.00358581542967,,
co_3_pyridine-N-3-0_pyridine-N-3-0_pyridine-N-3-0_pyridine-N-3-0_ammonia-N-0-0_ammonia-N-0-0_5,23.647689819335938,20.374298095703125,18.736076467878352,train
co_2_phosphine-P-0-0_phosphine-P-0-0_phosphine-P-0-0_phosphine-P-0-0_phosphine-P-0-0_cs-C-0-0_4,46.32850646972656,42.99171447753906,40.986010390113876,train
fe_2_imidazole-N-2-0_imidazole-N-2-0_imidazole-N-2-0_acetonitrile-N-1-0_imidazole-N-2-0_acetonitrile-N-1-0_5,32.370758056640625,36.380157470703125,36.44872501432918,train
mn_2_formaldehyde-O-1-0_formaldehyde-O-1-0_formaldehyde-O-1-0_water-O-0-0_formaldehyde-O-1-0_water-O-0-0_6,45.9771728515625,,,
fe_3_acetonitrile-N-1-0_acetonitrile-N-1-0_acetonitrile-N-1-0_carbonyl-C-0-0_acetonitrile-N-1-0_carbonyl-C-0-0_6,51.386260986328125,49.85404968261719,45.37830974892213,train
fe_2_acetonitrile-N-1-0_acetonitrile-N-1-0_acetonitrile-N-1-0_cs-C-0-0_cs-C-0-0_cs-C-0-0_5,32.23014831542969,34.2706298828125,36.786040516096755,val
fe_2_water-O-0-0_water-O-0-0_water-O-0-0_acetonitrile-N-1-0_water-O-0-0_acetonitrile-N-1-0_5,30.778732299804688,36.98753356933594,39.81127296344638,train
cr_2_cyanide-C-0-d1_cyanide-C-0-d1_cyanide-C-0-d1_hydroxyl-O-0-d1_cyanide-C-0-d1_hydroxyl-O-0-d1_5,6.489181518554688,-7.9843902587890625,20.40193222005532,train
fe_2_acetonitrile-N-1-0_acetonitrile-N-1-0_acetonitrile-N-1-0_acetonitrile-N-1-0_cs-C-0-0_cs-C-0-0_5,31.53038024902344,34.59419250488281,35.879887616162925,train
cr_2_cs-C-0-0_cs-C-0-0_water-O-0-0_water-O-0-0_cs-C-0-0_water-O-0-0_5,30.36727905273437,-0.0624847412109375,,
co_2_pyridine-N-3-0_pyridine-N-3-0_pyridine-N-3-0_pyridine-N-3-0_pyridine-N-3-0_misc-C-4-0_4,50.46195983886719,47.54852294921875,,
fe_2_furan-O-0-0_furan-O-0-0_furan-O-0-0_furan-O-0-0_furan-O-0-0_water-O-0-0_5,28.47030639648437,36.013946533203125,36.068254481388934,train
mn_3_imidazole-N-2-0_imidazole-N-2-0_imidazole-N-2-0_imidazole-N-2-0_thiocyanate-S-0-d1_thiocyanate-S-0-d1_5,24.332504272460938,13.27117919921875,20.961644149324236,train
fe_2_water-O-0-0_water-O-0-0_water-O-0-0_pyridine-N-3-0_water-O-0-0_pyridine-N-3-0_5,31.37413024902344,36.8316650390625,36.91310665565604,train
cr_2_formaldehyde-O-1-0_formaldehyde-O-1-0_formaldehyde-O-1-0_formaldehyde-O-1-0_formaldehyde-O-1-0_SH2-S-0-0_5,27.54219055175781,17.735824584960938,13.42349910130577,train
fe_2_carbonyl-C-0-0_carbonyl-C-0-0_carbonyl-C-0-0_cs-C-0-0_cs-C-0-0_cs-C-0-0_5,35.41221618652344,36.98501586914063,37.50853590518308,train
fe_3_cyanide-C-0-d1_cyanide-C-0-d1_cyanide-C-0-d1_fluoride-F-0-d1_cyanide-C-0-d1_fluoride-F-0-d1_6,45.33653259277344,53.1781005859375,48.61714935723416,train
cr_2_amine-N-0-d1_amine-N-0-d1_amine-N-0-d1_carbonyl-C-0-0_amine-N-0-d1_carbonyl-C-0-0_5,24.475021362304688,5.731735229492188,20.05745162380378,train
co_2_cs-C-0-0_cs-C-0-0_cs-C-0-0_SH2-S-0-0_cs-C-0-0_SH2-S-0-0_4,37.81013488769531,35.39276123046875,38.073845084095225,train
co_2_misc-C-4-0_misc-C-4-0_SH2-S-0-0_SH2-S-0-0_misc-C-4-0_SH2-S-0-0_4,40.82908630371094,38.44642639160156,39.45155893335844,train
mn_3_cyanide-C-0-d1_cyanide-C-0-d1_cyanide-C-0-d1_formaldehyde-O-1-0_formaldehyde-O-1-0_formaldehyde-O-1-0_5,62.277374267578125,53.494873046875,36.875009885588454,train
fe_2_cs-C-0-0_cs-C-0-0_ome2-O-0-0_ome2-O-0-0_cs-C-0-0_ome2-O-0-0_5,32.525482177734375,39.49592590332031,37.835907662104795,train
mn_2_misc-C-4-0_misc-C-4-0_misc-C-4-0_misc-C-4-0_misc-C-4-0_amine-N-0-d1_6,53.31672668457031,52.96638488769531,49.62931986291517,train
cr_3_acetonitrile-N-1-0_acetonitrile-N-1-0_acetonitrile-N-1-0_ammonia-N-0-0_acetonitrile-N-1-0_ammonia-N-0-0_4,,,,
mn_2_imidazole-N-2-0_imidazole-N-2-0_imidazole-N-2-0_imidazole-N-2-0_imidazole-N-2-0_amine-N-0-d1_6,32.98583984375,28.776626586914062,51.884639974390375,train
cr_2_formaldehyde-O-1-0_formaldehyde-O-1-0_formaldehyde-O-1-0_formaldehyde-O-1-0_phosphine-P-0-0_phosphine-P-0-0_5,29.07432556152344,-744.9131774902344,9.331367465831613,train
fe_2_acetonitrile-N-1-0_acetonitrile-N-1-0_acetonitrile-N-1-0_acetonitrile-N-1-0_acetonitrile-N-1-0_SH2-S-0-0_5,30.428543090820312,33.02177429199219,36.136892172406256,val
fe_2_carbonyl-C-0-0_carbonyl-C-0-0_carbonyl-C-0-0_carbonyl-C-0-0_fluoride-F-0-d1_fluoride-F-0-d1_5,31.558609008789062,38.59298706054688,39.003481692905325,train
fe_3_phosphine-P-0-0_phosphine-P-0-0_phosphine-P-0-0_phosphine-P-0-0_cs-C-0-0_cs-C-0-0_6,42.69477844238281,36.41647338867188,33.40259427418165,train
cr_3_cs-C-0-0_cs-C-0-0_cs-C-0-0_fluoride-F-0-d1_fluoride-F-0-d1_fluoride-F-0-d1_4,48.98521423339844,36.21833801269531,41.27652256678021,train
cr_2_phosphine-P-0-0_phosphine-P-0-0_phosphine-P-0-0_phosphine-P-0-0_ammonia-N-0-0_ammonia-N-0-0_5,44.62471008300781,27.6605224609375,22.78160997542124,train
co_3_pyridine-N-3-0_pyridine-N-3-0_pyridine-N-3-0_pyridine-N-3-0_fluoride-F-0-d1_fluoride-F-0-d1_5,28.27484130859375,28.961715698242188,28.73249710168729,train
fe_2_ome2-O-0-0_ome2-O-0-0_ome2-O-0-0_ome2-O-0-0_ome2-O-0-0_hydroxyl-O-0-d1_5,22.787857055664062,36.614532470703125,,
mn_2_ammonia-N-0-0_ammonia-N-0-0_ammonia-N-0-0_ammonia-N-0-0_ammonia-N-0-0_hydroxyl-O-0-d1_6,57.2442626953125,58.42002868652344,56.77584165641927,train
mn_3_ome2-O-0-0_ome2-O-0-0_ome2-O-0-0_ome2-O-0-0_pyridine-N-3-0_pyridine-N-3-0_5,59.67765808105469,47.57881164550781,61.12413484522906,train
mn_2_misc-C-4-0_misc-C-4-0_misc-C-4-0_SH2-S-0-0_misc-C-4-0_SH2-S-0-0_6,50.6866455078125,47.175140380859375,47.398883149133674,val
fe_3_imidazole-N-2-0_imidazole-N-2-0_imidazole-N-2-0_pyridine-N-3-0_imidazole-N-2-0_pyridine-N-3-0_6,,,,
mn_2_pyridine-N-3-0_pyridine-N-3-0_pyridine-N-3-0_pyridine-N-3-0_cs-C-0-0_cs-C-0-0_6,49.85939025878906,35.09346008300781,,
cr_2_misc-C-4-0_misc-C-4-0_misc-C-4-0_misc-C-4-0_formaldehyde-O-1-0_formaldehyde-O-1-0_5,52.95631408691406,11.724014282226562,8.593501772676424,train
cr_2_misc-C-4-0_misc-C-4-0_misc-C-4-0_acetonitrile-N-1-0_misc-C-4-0_acetonitrile-N-1-0_5,10.92681884765625,4.200439453125,7.905635784088621,train
fe_2_cs-C-0-0_cs-C-0-0_cs-C-0-0_thiocyanate-S-0-d1_thiocyanate-S-0-d1_thiocyanate-S-0-d1_5,29.22607421875,27.60337829589844,32.26719715233536,train
fe_3_carboxyl-O-1-d1_carboxyl-O-1-d1_carboxyl-O-1-d1_fluoride-F-0-d1_carboxyl-O-1-d1_fluoride-F-0-d1_6,43.63090515136719,,,
co_2_pyridine-N-3-0_pyridine-N-3-0_pyridine-N-3-0_pyridine-N-3-0_pyridine-N-3-0_carboxyl-O-1-d1_4,,,,
fe_2_misc-C-4-0_misc-C-4-0_misc-C-4-0_chloride-Cl-0-d1_misc-C-4-0_chloride-Cl-0-d1_5,32.103118896484375,34.784698486328125,35.513981076679514,train
mn_2_thiocyanate-S-0-d1_thiocyanate-S-0-d1_thiocyanate-S-0-d1_thiocyanate-S-0-d1_imidazole-N-2-0_imidazole-N-2-0_6,56.72866821289063,50.76087951660156,49.98816421835271,train
fe_2_furan-O-0-0_furan-O-0-0_furan-O-0-0_furan-O-0-0_furan-O-0-0_cs-C-0-0_5,29.122543334960938,35.117340087890625,35.99505597349387,val
co_2_pyridine-N-3-0_pyridine-N-3-0_water-O-0-0_water-O-0-0_pyridine-N-3-0_water-O-0-0_4,53.58673095703125,50.16212463378906,42.31344781399719,train
mn_3_chloride-Cl-0-d1_chloride-Cl-0-d1_chloride-Cl-0-d1_chloride-Cl-0-d1_water-O-0-0_water-O-0-0_5,,,,
cr_2_acetonitrile-N-1-0_acetonitrile-N-1-0_acetonitrile-N-1-0_acetonitrile-N-1-0_acetonitrile-N-1-0_misc-C-4-0_5,7.37579345703125,-7.1695709228515625,,
cr_2_acetonitrile-N-1-0_acetonitrile-N-1-0_acetonitrile-N-1-0_acetonitrile-N-1-0_acetonitrile-N-1-0_water-O-0-0_5,22.676315307617188,7.25250244140625,7.853718646124269,train
mn_2_chloride-Cl-0-d1_chloride-Cl-0-d1_chloride-Cl-0-d1_pyridine-N-3-0_pyridine-N-3-0_pyridine-N-3-0_6,,,,
fe_2_ome2-O-0-0_ome2-O-0-0_ome2-O-0-0_ome2-O-0-0_chloride-Cl-0-d1_chloride-Cl-0-d1_5,31.020431518554688,37.35122680664063,36.99815246495867,train
mn_3_cs-C-0-0_cs-C-0-0_cs-C-0-0_imidazole-N-2-0_imidazole-N-2-0_imidazole-N-2-0_5,,,,
mn_2_acetonitrile-N-1-0_acetonitrile-N-1-0_acetonitrile-N-1-0_phosphine-P-0-0_phosphine-P-0-0_phosphine-P-0-0_6,44.94987487792969,42.6422119140625,,
fe_3_water-O-0-0_water-O-0-0_water-O-0-0_water-O-0-0_water-O-0-0_cs-C-0-0_6,47.23838806152344,43.11004638671875,45.267817090533,train
fe_2_ammonia-N-0-0_ammonia-N-0-0_ome2-O-0-0_ome2-O-0-0_ammonia-N-0-0_ome2-O-0-0_5,31.985626220703125,37.649688720703125,37.783277257981524,train
mn_3_ammonia-N-0-0_ammonia-N-0-0_ammonia-N-0-0_carbonyl-C-0-0_ammonia-N-0-0_carbonyl-C-0-0_5,27.605056762695312,13.42132568359375,24.483364907416785,val
fe_2_ome2-O-0-0_ome2-O-0-0_ome2-O-0-0_misc-C-4-0_misc-C-4-0_misc-C-4-0_5,32.04193115234375,36.58958435058594,37.18368127155536,train
mn_3_cs-C-0-0_cs-C-0-0_ome2-O-0-0_ome2-O-0-0_cs-C-0-0_ome2-O-0-0_5,,,,
co_2_phosphine-P-0-0_phosphine-P-0-0_phosphine-P-0-0_phosphine-P-0-0_phosphine-P-0-0_hydroxyl-O-0-d1_4,38.983154296875,38.282623291015625,38.94134672378583,train
fe_2_water-O-0-0_water-O-0-0_water-O-0-0_water-O-0-0_formaldehyde-O-1-0_formaldehyde-O-1-0_5,32.427825927734375,39.24171447753906,40.691420541799,train
fe_2_ome2-O-0-0_ome2-O-0-0_ome2-O-0-0_ome2-O-0-0_furan-O-0-0_furan-O-0-0_5,28.574447631835938,36.57493591308594,37.21685809267555,val
mn_2_furan-O-0-0_furan-O-0-0_furan-O-0-0_furan-O-0-0_ammonia-N-0-0_ammonia-N-0-0_6,91.47789001464844,97.24357604980467,72.11113900966745,train
co_2_acetonitrile-N-1-0_acetonitrile-N-1-0_acetonitrile-N-1-0_pyridine-N-3-0_acetonitrile-N-1-0_pyridine-N-3-0_4,25.098953247070312,23.486862182617188,38.68036911148103,val
cr_2_formaldehyde-O-1-0_formaldehyde-O-1-0_formaldehyde-O-1-0_formaldehyde-O-1-0_formaldehyde-O-1-0_water-O-0-0_5,27.0428466796875,14.289398193359377,18.264128921750988,train
fe_3_cs-C-0-0_cs-C-0-0_cs-C-0-0_pyridine-N-3-0_cs-C-0-0_pyridine-N-3-0_6,44.05784606933594,,,
co_3_chloride-Cl-0-d1_chloride-Cl-0-d1_chloride-Cl-0-d1_chloride-Cl-0-d1_misc-C-4-0_misc-C-4-0_5,20.777130126953125,28.365936279296875,28.009565613231327,train
cr_3_ammonia-N-0-0_ammonia-N-0-0_ome2-O-0-0_ome2-O-0-0_ammonia-N-0-0_ome2-O-0-0_4,41.39961242675781,0.74554443359375,23.35313811859528,train
fe_2_carbonyl-C-0-0_carbonyl-C-0-0_carbonyl-C-0-0_carbonyl-C-0-0_carbonyl-C-0-0_amine-N-0-d1_5,21.767501831054688,26.4599609375,38.717226139744135,val
fe_3_cyanide-C-0-d1_cyanide-C-0-d1_cyanide-C-0-d1_cyanide-C-0-d1_cyanide-C-0-d1_water-O-0-0_6,47.48283386230469,50.602874755859375,46.55534682594358,val
cr_3_ammonia-N-0-0_ammonia-N-0-0_ammonia-N-0-0_thiocyanate-S-0-d1_thiocyanate-S-0-d1_thiocyanate-S-0-d1_4,,,,
co_2_pyridine-N-3-0_pyridine-N-3-0_pyridine-N-3-0_pyridine-N-3-0_ome2-O-0-0_ome2-O-0-0_4,52.00714111328125,36.61674499511719,,
fe_2_phosphine-P-0-0_phosphine-P-0-0_phosphine-P-0-0_chloride-Cl-0-d1_phosphine-P-0-0_chloride-Cl-0-d1_5,-292.0555114746094,38.916778564453125,38.89065817061695,train
co_2_acetonitrile-N-1-0_acetonitrile-N-1-0_acetonitrile-N-1-0_acetonitrile-N-1-0_imidazole-N-2-0_imidazole-N-2-0_4,6.541061401367188,38.08860778808594,38.960199518710766,train
co_3_imidazole-N-2-0_imidazole-N-2-0_imidazole-N-2-0_imidazole-N-2-0_hydroxyl-O-0-d1_hydroxyl-O-0-d1_5,25.4034423828125,26.03111267089844,24.57001650577685,val
fe_2_formaldehyde-O-1-0_formaldehyde-O-1-0_formaldehyde-O-1-0_formaldehyde-O-1-0_formaldehyde-O-1-0_ome2-O-0-0_5,31.424560546875,41.2872314453125,37.960766115378995,train
mn_3_ammonia-N-0-0_ammonia-N-0-0_ammonia-N-0-0_fluoride-F-0-d1_fluoride-F-0-d1_fluoride-F-0-d1_5,30.892562866210938,20.143585205078125,35.29815833476599,train
fe_2_water-O-0-0_water-O-0-0_water-O-0-0_water-O-0-0_water-O-0-0_misc-C-4-0_5,40.5535888671875,43.98727416992188,42.588172258914234,train
co_2_phosphine-P-0-0_phosphine-P-0-0_phosphine-P-0-0_phosphine-P-0-0_formaldehyde-O-1-0_formaldehyde-O-1-0_4,39.54017639160156,36.515045166015625,39.3640062216781,train
co_3_phosphine-P-0-0_phosphine-P-0-0_phosphine-P-0-0_phosphine-P-0-0_phosphine-P-0-0_formaldehyde-O-1-0_5,12.606048583984377,5.11566162109375,,
mn_3_furan-O-0-0_furan-O-0-0_furan-O-0-0_furan-O-0-0_hydroxyl-O-0-d1_hydroxyl-O-0-d1_5,15.810089111328123,10.481491088867188,,
co_2_phosphine-P-0-0_phosphine-P-0-0_phosphine-P-0-0_phosphine-P-0-0_phosphine-P-0-0_imidazole-N-2-0_4,49.96063232421875,48.18275451660156,44.79379955531132,train
co_2_pyridine-N-3-0_pyridine-N-3-0_pyridine-N-3-0_pyridine-N-3-0_formaldehyde-O-1-0_formaldehyde-O-1-0_4,40.438995361328125,37.32589721679688,,
