Unnamed: 0,hfx_pbe,hfx_scan
mn/2/mn_2_ammonia-N-0-0_ammonia-N-0-0_ammonia-N-0-0_formaldehyde-O-1-0_ammonia-N-0-0_formaldehyde-O-1-0_6,49.44496154785156,43.11683654785156
fe/2/other/fe_2_ome2-O-0-0_ome2-O-0-0_ome2-O-0-0_ome2-O-0-0_ome2-O-0-0_formaldehyde-O-1-0_5,29.305191040039062,37.29866027832031
fe/2/a_f/fe_2_acetonitrile-N-1-0_acetonitrile-N-1-0_acetonitrile-N-1-0_acetonitrile-N-1-0_water-O-0-0_water-O-0-0_5,29.054489135742188,34.882965087890625
fe/2/other/fe_2_chloride-Cl-0-d1_chloride-Cl-0-d1_chloride-Cl-0-d1_misc-C-4-0_misc-C-4-0_misc-C-4-0_5,31.734848022460938,34.99786376953125
mn/2/mn_2_imidazole-N-2-0_imidazole-N-2-0_imidazole-N-2-0_pyridine-N-3-0_pyridine-N-3-0_pyridine-N-3-0_6,,
cr/2/cr_2_furan-O-0-0_furan-O-0-0_ome2-O-0-0_ome2-O-0-0_furan-O-0-0_ome2-O-0-0_5,15.510330200195312,-47.47428894042969
cr/3/cr_3_amine-N-0-d1_amine-N-0-d1_amine-N-0-d1_amine-N-0-d1_pyridine-N-3-0_pyridine-N-3-0_4,,
co/2/co_2_furan-O-0-0_furan-O-0-0_furan-O-0-0_furan-O-0-0_pyridine-N-3-0_pyridine-N-3-0_4,40.237274169921875,38.66630554199219
fe/2/other/fe_2_SH2-S-0-0_SH2-S-0-0_SH2-S-0-0_SH2-S-0-0_SH2-S-0-0_thiocyanate-S-0-d1_5,30.462722778320312,33.679962158203125
fe/3/fe_3_cs-C-0-0_cs-C-0-0_cs-C-0-0_pyridine-N-3-0_pyridine-N-3-0_pyridine-N-3-0_6,45.5145263671875,47.18742370605469
mn/2/mn_2_SH2-S-0-0_SH2-S-0-0_SH2-S-0-0_SH2-S-0-0_cyanide-C-0-d1_cyanide-C-0-d1_6,62.53196716308594,58.252105712890625
mn/2/mn_2_misc-C-4-0_misc-C-4-0_misc-C-4-0_misc-C-4-0_misc-C-4-0_SH2-S-0-0_6,49.629669189453125,45.96290588378906
cr/3/cr_3_chloride-Cl-0-d1_chloride-Cl-0-d1_chloride-Cl-0-d1_chloride-Cl-0-d1_chloride-Cl-0-d1_fluoride-F-0-d1_4,264.1407775878906,2397.402801513672
mn/3/mn_3_imidazole-N-2-0_imidazole-N-2-0_imidazole-N-2-0_pyridine-N-3-0_imidazole-N-2-0_pyridine-N-3-0_5,17.754135131835938,8.536529541015625
cr/2/cr_2_ome2-O-0-0_ome2-O-0-0_ome2-O-0-0_ome2-O-0-0_ome2-O-0-0_water-O-0-0_5,52.4334716796875,35.29144287109375
fe/2/a_f/fe_2_furan-O-0-0_furan-O-0-0_phosphine-P-0-0_phosphine-P-0-0_furan-O-0-0_phosphine-P-0-0_5,,
fe/2/other/fe_2_phosphine-P-0-0_phosphine-P-0-0_phosphine-P-0-0_misc-C-4-0_misc-C-4-0_misc-C-4-0_5,33.59062194824219,35.02601623535156
fe/2/a_f/fe_2_formaldehyde-O-1-0_formaldehyde-O-1-0_formaldehyde-O-1-0_formaldehyde-O-1-0_cs-C-0-0_cs-C-0-0_5,33.63563537597656,37.16682434082031
fe/3/fe_3_furan-O-0-0_furan-O-0-0_furan-O-0-0_thiocyanate-S-0-d1_furan-O-0-0_thiocyanate-S-0-d1_6,27.760391235351562,61.605682373046875
mn/3/mn_3_carbonyl-C-0-0_carbonyl-C-0-0_carbonyl-C-0-0_chloride-Cl-0-d1_carbonyl-C-0-0_chloride-Cl-0-d1_5,29.248046875,21.0931396484375
cr/2/cr_2_chloride-Cl-0-d1_chloride-Cl-0-d1_chloride-Cl-0-d1_imidazole-N-2-0_imidazole-N-2-0_imidazole-N-2-0_5,20.015335083007812,7.118072509765625
fe/2/other/fe_2_water-O-0-0_water-O-0-0_water-O-0-0_imidazole-N-2-0_water-O-0-0_imidazole-N-2-0_5,37.138214111328125,42.415618896484375
fe/2/other/fe_2_carbonyl-C-0-0_carbonyl-C-0-0_carbonyl-C-0-0_chloride-Cl-0-d1_carbonyl-C-0-0_chloride-Cl-0-d1_5,31.303787231445312,34.59449768066406
cr/2/cr_2_carbonyl-C-0-0_carbonyl-C-0-0_carbonyl-C-0-0_phosphine-P-0-0_carbonyl-C-0-0_phosphine-P-0-0_5,28.024444580078125,14.603424072265625
fe/3/fe_3_acetonitrile-N-1-0_acetonitrile-N-1-0_acetonitrile-N-1-0_acetonitrile-N-1-0_acetonitrile-N-1-0_hydroxyl-O-0-d1_6,42.664947509765625,40.12351989746094
fe/2/a_f/fe_2_ammonia-N-0-0_ammonia-N-0-0_ammonia-N-0-0_ammonia-N-0-0_chloride-Cl-0-d1_chloride-Cl-0-d1_5,33.42033386230469,37.63679504394531
fe/2/a_f/fe_2_ammonia-N-0-0_ammonia-N-0-0_ammonia-N-0-0_water-O-0-0_water-O-0-0_water-O-0-0_5,33.49311828613281,38.51234436035156
fe/2/other/fe_2_water-O-0-0_water-O-0-0_water-O-0-0_ome2-O-0-0_water-O-0-0_ome2-O-0-0_5,37.83607482910156,39.54124450683594
co/2/co_2_imidazole-N-2-0_imidazole-N-2-0_imidazole-N-2-0_imidazole-N-2-0_imidazole-N-2-0_imidazole-N-2-0_4,38.24531555175781,35.676116943359375
fe/2/a_f/fe_2_fluoride-F-0-d1_fluoride-F-0-d1_fluoride-F-0-d1_pyridine-N-3-0_pyridine-N-3-0_pyridine-N-3-0_5,39.73976135253906,
fe/2/a_f/fe_2_ammonia-N-0-0_ammonia-N-0-0_ammonia-N-0-0_cs-C-0-0_ammonia-N-0-0_cs-C-0-0_5,39.06768798828125,40.5816650390625
fe/2/other/fe_2_ome2-O-0-0_ome2-O-0-0_phosphine-P-0-0_phosphine-P-0-0_ome2-O-0-0_phosphine-P-0-0_5,33.93089294433594,38.854522705078125
mn/2/mn_2_SH2-S-0-0_SH2-S-0-0_SH2-S-0-0_SH2-S-0-0_SH2-S-0-0_cyanide-C-0-d1_6,,
cr/2/cr_2_imidazole-N-2-0_imidazole-N-2-0_imidazole-N-2-0_imidazole-N-2-0_furan-O-0-0_furan-O-0-0_5,64.72480773925781,-24.003753662109375
co/2/co_2_pyridine-N-3-0_pyridine-N-3-0_pyridine-N-3-0_pyridine-N-3-0_carboxyl-O-1-d1_carboxyl-O-1-d1_4,38.85749816894531,37.63824462890625
cr/2/cr_2_phosphine-P-0-0_phosphine-P-0-0_phosphine-P-0-0_phosphine-P-0-0_imidazole-N-2-0_imidazole-N-2-0_5,22.84271240234375,7.5998687744140625
mn/3/mn_3_hydroxyl-O-0-d1_hydroxyl-O-0-d1_hydroxyl-O-0-d1_hydroxyl-O-0-d1_pyridine-N-3-0_pyridine-N-3-0_5,27.576446533203125,15.36773681640625
mn/2/mn_2_water-O-0-0_water-O-0-0_water-O-0-0_water-O-0-0_misc-C-4-0_misc-C-4-0_6,45.10704040527344,43.20106506347656
cr/2/cr_2_thiocyanate-S-0-d1_thiocyanate-S-0-d1_thiocyanate-S-0-d1_thiocyanate-S-0-d1_cs-C-0-0_cs-C-0-0_5,29.612579345703125,18.378753662109375
co/2/co_2_phosphine-P-0-0_phosphine-P-0-0_phosphine-P-0-0_phosphine-P-0-0_phosphine-P-0-0_thiocyanate-S-0-d1_4,8.357009887695312,27.594146728515625
mn/2/mn_2_ammonia-N-0-0_ammonia-N-0-0_ammonia-N-0-0_ammonia-N-0-0_ammonia-N-0-0_carbonyl-C-0-0_6,54.696197509765625,50.43647766113281
co/3/co_3_carbonyl-C-0-0_carbonyl-C-0-0_chloride-Cl-0-d1_chloride-Cl-0-d1_carbonyl-C-0-0_chloride-Cl-0-d1_5,13.110122680664062,10.745010375976562
co/2/co_2_furan-O-0-0_furan-O-0-0_furan-O-0-0_acetonitrile-N-1-0_furan-O-0-0_acetonitrile-N-1-0_4,36.323394775390625,35.50819396972656
co/2/co_2_formaldehyde-O-1-0_formaldehyde-O-1-0_formaldehyde-O-1-0_acetonitrile-N-1-0_formaldehyde-O-1-0_acetonitrile-N-1-0_4,30.405731201171875,28.652725219726562
mn/3/mn_3_formaldehyde-O-1-0_formaldehyde-O-1-0_formaldehyde-O-1-0_pyridine-N-3-0_formaldehyde-O-1-0_pyridine-N-3-0_5,26.735992431640625,
fe/2/a_f/fe_2_acetonitrile-N-1-0_acetonitrile-N-1-0_acetonitrile-N-1-0_imidazole-N-2-0_imidazole-N-2-0_imidazole-N-2-0_5,33.11454772949219,37.9510498046875
fe/2/a_f/fe_2_acetonitrile-N-1-0_acetonitrile-N-1-0_acetonitrile-N-1-0_acetonitrile-N-1-0_acetonitrile-N-1-0_ome2-O-0-0_5,30.550537109375,36.03309631347656
fe/2/other/fe_2_carbonyl-C-0-0_carbonyl-C-0-0_carbonyl-C-0-0_carbonyl-C-0-0_carbonyl-C-0-0_furan-O-0-0_5,33.62327575683594,37.30201721191406
mn/2/mn_2_phosphine-P-0-0_phosphine-P-0-0_phosphine-P-0-0_thiocyanate-S-0-d1_phosphine-P-0-0_thiocyanate-S-0-d1_6,52.19047546386719,45.0689697265625
fe/2/other/fe_2_SH2-S-0-0_SH2-S-0-0_SH2-S-0-0_SH2-S-0-0_carbonyl-C-0-0_carbonyl-C-0-0_5,41.31843566894531,43.1585693359375
fe/2/a_f/fe_2_ammonia-N-0-0_ammonia-N-0-0_ammonia-N-0-0_ammonia-N-0-0_ammonia-N-0-0_misc-C-4-0_5,36.72416687011719,39.96864318847656
mn/2/mn_2_phosphine-P-0-0_phosphine-P-0-0_phosphine-P-0-0_phosphine-P-0-0_misc-C-4-0_misc-C-4-0_6,51.698760986328125,47.20848083496094
fe/2/a_f/fe_2_ammonia-N-0-0_ammonia-N-0-0_ammonia-N-0-0_ammonia-N-0-0_furan-O-0-0_furan-O-0-0_5,31.606826782226562,36.595001220703125
cr/2/cr_2_SH2-S-0-0_SH2-S-0-0_SH2-S-0-0_phosphine-P-0-0_SH2-S-0-0_phosphine-P-0-0_5,24.139938354492188,9.753341674804688
mn/2/mn_2_ammonia-N-0-0_ammonia-N-0-0_ammonia-N-0-0_ammonia-N-0-0_phosphine-P-0-0_phosphine-P-0-0_6,,42.32673645019531
co/2/co_2_ome2-O-0-0_ome2-O-0-0_ome2-O-0-0_ome2-O-0-0_hydroxyl-O-0-d1_hydroxyl-O-0-d1_4,41.81602478027344,19.79400634765625
fe/2/a_f/fe_2_formaldehyde-O-1-0_formaldehyde-O-1-0_formaldehyde-O-1-0_formaldehyde-O-1-0_formaldehyde-O-1-0_thiocyanate-S-0-d1_5,31.724319458007812,36.873779296875
mn/2/mn_2_cs-C-0-0_cs-C-0-0_cs-C-0-0_cs-C-0-0_misc-C-4-0_misc-C-4-0_6,70.17112731933594,
cr/2/cr_2_phosphine-P-0-0_phosphine-P-0-0_phosphine-P-0-0_phosphine-P-0-0_phosphine-P-0-0_thiocyanate-S-0-d1_5,27.674713134765625,7.499237060546875
cr/3/cr_3_chloride-Cl-0-d1_chloride-Cl-0-d1_chloride-Cl-0-d1_chloride-Cl-0-d1_SH2-S-0-0_SH2-S-0-0_4,236.27975463867188,581.4971160888672
fe/2/a_f/fe_2_furan-O-0-0_furan-O-0-0_furan-O-0-0_misc-C-4-0_furan-O-0-0_misc-C-4-0_5,29.627532958984375,36.58058166503906
mn/2/mn_2_phosphine-P-0-0_phosphine-P-0-0_phosphine-P-0-0_phosphine-P-0-0_phosphine-P-0-0_SH2-S-0-0_6,50.001220703125,45.62095642089844
mn/3/mn_3_cs-C-0-0_cs-C-0-0_misc-C-4-0_misc-C-4-0_cs-C-0-0_misc-C-4-0_5,,15.584182739257812
mn/2/mn_2_misc-C-4-0_misc-C-4-0_misc-C-4-0_misc-C-4-0_acetonitrile-N-1-0_acetonitrile-N-1-0_6,58.9727783203125,
fe/3/fe_3_ome2-O-0-0_ome2-O-0-0_ome2-O-0-0_pyridine-N-3-0_pyridine-N-3-0_pyridine-N-3-0_6,54.799346923828125,58.16429138183594
co/2/co_2_furan-O-0-0_furan-O-0-0_furan-O-0-0_imidazole-N-2-0_furan-O-0-0_imidazole-N-2-0_4,38.823699951171875,52.44972229003906
cr/3/cr_3_formaldehyde-O-1-0_formaldehyde-O-1-0_formaldehyde-O-1-0_carbonyl-C-0-0_formaldehyde-O-1-0_carbonyl-C-0-0_4,241.75567626953125,722.2331237792969
fe/2/other/fe_2_cs-C-0-0_cs-C-0-0_cs-C-0-0_cs-C-0-0_acetonitrile-N-1-0_acetonitrile-N-1-0_5,32.72743225097656,34.49134826660156
fe/2/other/fe_2_cs-C-0-0_cs-C-0-0_cs-C-0-0_cs-C-0-0_furan-O-0-0_furan-O-0-0_5,36.557464599609375,38.83209228515625
cr/2/cr_2_SH2-S-0-0_SH2-S-0-0_SH2-S-0-0_SH2-S-0-0_formaldehyde-O-1-0_formaldehyde-O-1-0_5,26.3275146484375,12.125015258789062
co/2/co_2_SH2-S-0-0_SH2-S-0-0_SH2-S-0-0_SH2-S-0-0_SH2-S-0-0_acetonitrile-N-1-0_4,59.646148681640625,56.07353210449219
cr/2/cr_2_furan-O-0-0_furan-O-0-0_furan-O-0-0_furan-O-0-0_carboxyl-O-1-d1_carboxyl-O-1-d1_5,9.893264770507812,-68.29292297363281
mn/3/mn_3_misc-C-4-0_misc-C-4-0_misc-C-4-0_misc-C-4-0_carbonyl-C-0-0_carbonyl-C-0-0_5,36.071319580078125,27.899246215820312
fe/2/a_f/fe_2_furan-O-0-0_furan-O-0-0_furan-O-0-0_ome2-O-0-0_furan-O-0-0_ome2-O-0-0_5,27.617874145507812,35.56709289550781
co/2/co_2_cs-C-0-0_cs-C-0-0_furan-O-0-0_furan-O-0-0_cs-C-0-0_furan-O-0-0_4,37.718505859375,34.88494873046875
co/2/co_2_phosphine-P-0-0_phosphine-P-0-0_thiocyanate-S-0-d1_thiocyanate-S-0-d1_phosphine-P-0-0_thiocyanate-S-0-d1_4,39.044342041015625,36.16828918457031
mn/2/mn_2_misc-C-4-0_misc-C-4-0_misc-C-4-0_misc-C-4-0_ome2-O-0-0_ome2-O-0-0_6,,
co/2/co_2_pyridine-N-3-0_pyridine-N-3-0_pyridine-N-3-0_pyridine-N-3-0_pyridine-N-3-0_amine-N-0-d1_4,40.22552490234375,39.253387451171875
fe/2/other/fe_2_phosphine-P-0-0_phosphine-P-0-0_phosphine-P-0-0_ammonia-N-0-0_phosphine-P-0-0_ammonia-N-0-0_5,35.02723693847656,37.63725280761719
fe/2/other/fe_2_SH2-S-0-0_SH2-S-0-0_SH2-S-0-0_SH2-S-0-0_SH2-S-0-0_carbonyl-C-0-0_5,35.66627502441406,38.32176208496094
mn/2/mn_2_acetonitrile-N-1-0_acetonitrile-N-1-0_furan-O-0-0_furan-O-0-0_acetonitrile-N-1-0_furan-O-0-0_6,,
mn/2/mn_2_ome2-O-0-0_ome2-O-0-0_ome2-O-0-0_cs-C-0-0_ome2-O-0-0_cs-C-0-0_6,47.93876647949219,45.35820007324219
co/2/co_2_acetonitrile-N-1-0_acetonitrile-N-1-0_acetonitrile-N-1-0_misc-C-4-0_misc-C-4-0_misc-C-4-0_4,46.356658935546875,42.923126220703125
co/3/co_3_fluoride-F-0-d1_fluoride-F-0-d1_fluoride-F-0-d1_imidazole-N-2-0_imidazole-N-2-0_imidazole-N-2-0_5,29.669418334960938,31.791915893554688
co/3/co_3_phosphine-P-0-0_phosphine-P-0-0_phosphine-P-0-0_pyridine-N-3-0_phosphine-P-0-0_pyridine-N-3-0_5,20.3814697265625,12.97576904296875
fe/3/fe_3_misc-C-4-0_misc-C-4-0_misc-C-4-0_fluoride-F-0-d1_misc-C-4-0_fluoride-F-0-d1_6,45.96183776855469,44.75128173828125
fe/2/other/fe_2_ome2-O-0-0_ome2-O-0-0_ome2-O-0-0_ome2-O-0-0_ome2-O-0-0_ome2-O-0-0_5,29.467544555664062,37.35710144042969
co/2/co_2_carbonyl-C-0-0_carbonyl-C-0-0_carbonyl-C-0-0_carbonyl-C-0-0_carbonyl-C-0-0_carbonyl-C-0-0_4,41.513824462890625,39.8541259765625
fe/2/other/fe_2_pyridine-N-3-0_pyridine-N-3-0_pyridine-N-3-0_pyridine-N-3-0_pyridine-N-3-0_thiocyanate-S-0-d1_5,29.243698120117188,33.014068603515625
mn/3/mn_3_water-O-0-0_water-O-0-0_water-O-0-0_fluoride-F-0-d1_water-O-0-0_fluoride-F-0-d1_5,28.495635986328125,18.780364990234375
co/2/co_2_cyanide-C-0-d1_cyanide-C-0-d1_cyanide-C-0-d1_cyanide-C-0-d1_ammonia-N-0-0_ammonia-N-0-0_4,40.34126281738281,37.30865478515625
fe/2/other/fe_2_carboxyl-O-1-d1_carboxyl-O-1-d1_carboxyl-O-1-d1_carboxyl-O-1-d1_ome2-O-0-0_ome2-O-0-0_5,35.59295654296875,35.28106689453125
mn/2/mn_2_thiocyanate-S-0-d1_thiocyanate-S-0-d1_thiocyanate-S-0-d1_SH2-S-0-0_SH2-S-0-0_SH2-S-0-0_6,,
mn/3/mn_3_carbonyl-C-0-0_carbonyl-C-0-0_carbonyl-C-0-0_acetonitrile-N-1-0_carbonyl-C-0-0_acetonitrile-N-1-0_5,36.64680480957031,25.833587646484375
cr/2/cr_2_ome2-O-0-0_ome2-O-0-0_ome2-O-0-0_formaldehyde-O-1-0_ome2-O-0-0_formaldehyde-O-1-0_5,15.949935913085938,2.5119781494140625
fe/2/a_f/fe_2_ammonia-N-0-0_ammonia-N-0-0_ammonia-N-0-0_ammonia-N-0-0_ammonia-N-0-0_ome2-O-0-0_5,32.80998229980469,37.13081359863281
co/2/co_2_carbonyl-C-0-0_carbonyl-C-0-0_carbonyl-C-0-0_carbonyl-C-0-0_misc-C-4-0_misc-C-4-0_4,32.55424499511719,30.125961303710938
co/2/co_2_ome2-O-0-0_ome2-O-0-0_ome2-O-0-0_ome2-O-0-0_pyridine-N-3-0_pyridine-N-3-0_4,53.05732727050781,50.632781982421875
fe/2/other/fe_2_carbonyl-C-0-0_carbonyl-C-0-0_carbonyl-C-0-0_pyridine-N-3-0_pyridine-N-3-0_pyridine-N-3-0_5,31.991958618164062,35.14045715332031
cr/3/cr_3_imidazole-N-2-0_imidazole-N-2-0_imidazole-N-2-0_imidazole-N-2-0_hydroxyl-O-0-d1_hydroxyl-O-0-d1_4,162.35733032226562,919.9455261230469
fe/3/fe_3_chloride-Cl-0-d1_chloride-Cl-0-d1_chloride-Cl-0-d1_chloride-Cl-0-d1_chloride-Cl-0-d1_pyridine-N-3-0_6,42.114105224609375,39.8651123046875
fe/2/other/fe_2_phosphine-P-0-0_phosphine-P-0-0_phosphine-P-0-0_phosphine-P-0-0_phosphine-P-0-0_carboxyl-O-1-d1_5,32.14149475097656,29.1790771484375
cr/2/cr_2_furan-O-0-0_furan-O-0-0_furan-O-0-0_furan-O-0-0_misc-C-4-0_misc-C-4-0_5,30.899505615234375,21.140899658203125
mn/2/mn_2_ome2-O-0-0_ome2-O-0-0_ome2-O-0-0_carboxyl-O-1-d1_ome2-O-0-0_carboxyl-O-1-d1_6,51.87736511230469,91.14616394042969
mn/2/mn_2_carbonyl-C-0-0_carbonyl-C-0-0_carbonyl-C-0-0_formaldehyde-O-1-0_carbonyl-C-0-0_formaldehyde-O-1-0_6,49.01031494140625,46.0931396484375
fe/3/fe_3_cyanide-C-0-d1_cyanide-C-0-d1_cyanide-C-0-d1_chloride-Cl-0-d1_cyanide-C-0-d1_chloride-Cl-0-d1_6,39.71588134765625,37.268524169921875
fe/2/other/fe_2_misc-C-4-0_misc-C-4-0_misc-C-4-0_misc-C-4-0_misc-C-4-0_carbonyl-C-0-0_5,32.98820495605469,34.727020263671875
cr/2/cr_2_acetonitrile-N-1-0_acetonitrile-N-1-0_acetonitrile-N-1-0_pyridine-N-3-0_pyridine-N-3-0_pyridine-N-3-0_5,37.3529052734375,26.599502563476562
fe/3/fe_3_ome2-O-0-0_ome2-O-0-0_ome2-O-0-0_ome2-O-0-0_ome2-O-0-0_cs-C-0-0_6,46.58660888671875,45.529937744140625
fe/2/a_f/fe_2_ammonia-N-0-0_ammonia-N-0-0_ammonia-N-0-0_ammonia-N-0-0_ammonia-N-0-0_formaldehyde-O-1-0_5,33.504486083984375,37.821502685546875
co/2/co_2_SH2-S-0-0_SH2-S-0-0_SH2-S-0-0_SH2-S-0-0_acetonitrile-N-1-0_acetonitrile-N-1-0_4,40.70098876953125,7.3737335205078125
fe/2/other/fe_2_misc-C-4-0_misc-C-4-0_misc-C-4-0_water-O-0-0_misc-C-4-0_water-O-0-0_5,34.059906005859375,37.241058349609375
mn/3/mn_3_chloride-Cl-0-d1_chloride-Cl-0-d1_chloride-Cl-0-d1_cs-C-0-0_cs-C-0-0_cs-C-0-0_5,34.936065673828125,26.803436279296875
co/3/co_3_misc-C-4-0_misc-C-4-0_misc-C-4-0_misc-C-4-0_thiocyanate-S-0-d1_thiocyanate-S-0-d1_5,10.438156127929688,1.043548583984375
cr/2/cr_2_imidazole-N-2-0_imidazole-N-2-0_imidazole-N-2-0_imidazole-N-2-0_acetonitrile-N-1-0_acetonitrile-N-1-0_5,12.987060546875,-1.3213348388671875
fe/2/a_f/fe_2_ammonia-N-0-0_ammonia-N-0-0_furan-O-0-0_furan-O-0-0_ammonia-N-0-0_furan-O-0-0_5,34.42008972167969,39.09111022949219
fe/2/other/fe_2_carboxyl-O-1-d1_carboxyl-O-1-d1_carboxyl-O-1-d1_carboxyl-O-1-d1_furan-O-0-0_furan-O-0-0_5,29.164886474609375,34.775848388671875
fe/3/fe_3_acetonitrile-N-1-0_acetonitrile-N-1-0_acetonitrile-N-1-0_misc-C-4-0_acetonitrile-N-1-0_misc-C-4-0_6,40.85479736328125,38.55010986328125
fe/2/a_f/fe_2_formaldehyde-O-1-0_formaldehyde-O-1-0_formaldehyde-O-1-0_SH2-S-0-0_formaldehyde-O-1-0_SH2-S-0-0_5,33.23051452636719,37.55401611328125
cr/3/cr_3_thiocyanate-S-0-d1_thiocyanate-S-0-d1_thiocyanate-S-0-d1_thiocyanate-S-0-d1_formaldehyde-O-1-0_formaldehyde-O-1-0_4,,25.566635131835938
mn/2/mn_2_imidazole-N-2-0_imidazole-N-2-0_imidazole-N-2-0_imidazole-N-2-0_imidazole-N-2-0_misc-C-4-0_6,65.22529602050781,69.74342346191406
cr/3/cr_3_cyanide-C-0-d1_cyanide-C-0-d1_cyanide-C-0-d1_chloride-Cl-0-d1_cyanide-C-0-d1_chloride-Cl-0-d1_4,,
co/2/co_2_phosphine-P-0-0_phosphine-P-0-0_phosphine-P-0-0_phosphine-P-0-0_phosphine-P-0-0_carbonyl-C-0-0_4,38.94523620605469,36.561279296875
fe/2/a_f/fe_2_acetonitrile-N-1-0_acetonitrile-N-1-0_acetonitrile-N-1-0_acetonitrile-N-1-0_ome2-O-0-0_ome2-O-0-0_5,29.049758911132812,35.206756591796875
cr/2/cr_2_acetonitrile-N-1-0_acetonitrile-N-1-0_acetonitrile-N-1-0_water-O-0-0_water-O-0-0_water-O-0-0_5,21.591033935546875,5.974273681640625
fe/3/fe_3_pyridine-N-3-0_pyridine-N-3-0_pyridine-N-3-0_pyridine-N-3-0_hydroxyl-O-0-d1_hydroxyl-O-0-d1_6,43.40293884277344,42.08000183105469
cr/2/cr_2_imidazole-N-2-0_imidazole-N-2-0_imidazole-N-2-0_imidazole-N-2-0_ome2-O-0-0_ome2-O-0-0_5,55.74882507324219,37.06024169921875
fe/2/a_f/fe_2_acetonitrile-N-1-0_acetonitrile-N-1-0_acetonitrile-N-1-0_acetonitrile-N-1-0_acetonitrile-N-1-0_cs-C-0-0_5,30.411605834960938,34.1973876953125
fe/2/other/fe_2_carbonyl-C-0-0_carbonyl-C-0-0_carbonyl-C-0-0_carbonyl-C-0-0_SH2-S-0-0_SH2-S-0-0_5,34.934234619140625,37.1331787109375
co/2/co_2_formaldehyde-O-1-0_formaldehyde-O-1-0_formaldehyde-O-1-0_formaldehyde-O-1-0_formaldehyde-O-1-0_amine-N-0-d1_4,40.867919921875,
fe/2/other/fe_2_pyridine-N-3-0_pyridine-N-3-0_pyridine-N-3-0_pyridine-N-3-0_furan-O-0-0_furan-O-0-0_5,27.621994018554688,27.978897094726562
co/2/co_2_cs-C-0-0_cs-C-0-0_cs-C-0-0_cs-C-0-0_cs-C-0-0_acetonitrile-N-1-0_4,47.95158386230469,43.07525634765625
fe/3/fe_3_hydroxyl-O-0-d1_hydroxyl-O-0-d1_hydroxyl-O-0-d1_hydroxyl-O-0-d1_imidazole-N-2-0_imidazole-N-2-0_6,45.33302307128906,43.52104187011719
mn/2/mn_2_cyanide-C-0-d1_cyanide-C-0-d1_cyanide-C-0-d1_cyanide-C-0-d1_acetonitrile-N-1-0_acetonitrile-N-1-0_6,44.25048828125,39.95033264160156
fe/2/other/fe_2_SH2-S-0-0_SH2-S-0-0_SH2-S-0-0_SH2-S-0-0_SH2-S-0-0_SH2-S-0-0_5,35.219879150390625,38.1341552734375
mn/3/mn_3_cyanide-C-0-d1_cyanide-C-0-d1_imidazole-N-2-0_imidazole-N-2-0_cyanide-C-0-d1_imidazole-N-2-0_5,32.47123718261719,21.656875610351562
fe/2/a_f/fe_2_furan-O-0-0_furan-O-0-0_furan-O-0-0_ome2-O-0-0_ome2-O-0-0_ome2-O-0-0_5,33.37493896484375,36.419219970703125
mn/2/mn_2_pyridine-N-3-0_pyridine-N-3-0_pyridine-N-3-0_pyridine-N-3-0_pyridine-N-3-0_acetonitrile-N-1-0_6,,
fe/2/other/fe_2_SH2-S-0-0_SH2-S-0-0_SH2-S-0-0_SH2-S-0-0_SH2-S-0-0_cs-C-0-0_5,34.554290771484375,39.50706481933594
fe/3/fe_3_water-O-0-0_water-O-0-0_water-O-0-0_water-O-0-0_thiocyanate-S-0-d1_thiocyanate-S-0-d1_6,48.007965087890625,57.47833251953125
cr/3/cr_3_formaldehyde-O-1-0_formaldehyde-O-1-0_formaldehyde-O-1-0_formaldehyde-O-1-0_thiocyanate-S-0-d1_thiocyanate-S-0-d1_4,138.45970153808594,
mn/2/mn_2_imidazole-N-2-0_imidazole-N-2-0_imidazole-N-2-0_cs-C-0-0_imidazole-N-2-0_cs-C-0-0_6,43.262786865234375,
fe/2/a_f/fe_2_ammonia-N-0-0_ammonia-N-0-0_ammonia-N-0-0_ammonia-N-0-0_acetonitrile-N-1-0_acetonitrile-N-1-0_5,36.29402160644531,39.93980407714844
co/3/co_3_carbonyl-C-0-0_carbonyl-C-0-0_carbonyl-C-0-0_carbonyl-C-0-0_carbonyl-C-0-0_water-O-0-0_5,27.168197631835938,26.114578247070312
fe/3/fe_3_chloride-Cl-0-d1_chloride-Cl-0-d1_chloride-Cl-0-d1_imidazole-N-2-0_imidazole-N-2-0_imidazole-N-2-0_6,39.62059020996094,39.472198486328125
fe/2/other/fe_2_ome2-O-0-0_ome2-O-0-0_ome2-O-0-0_ome2-O-0-0_ammonia-N-0-0_ammonia-N-0-0_5,30.263671875,36.46644592285156
fe/3/fe_3_thiocyanate-S-0-d1_thiocyanate-S-0-d1_thiocyanate-S-0-d1_cs-C-0-0_thiocyanate-S-0-d1_cs-C-0-0_6,13.200836181640625,10.850448608398438
fe/2/other/fe_2_pyridine-N-3-0_pyridine-N-3-0_pyridine-N-3-0_pyridine-N-3-0_acetonitrile-N-1-0_acetonitrile-N-1-0_5,25.910110473632812,29.37042236328125
cr/2/cr_2_ome2-O-0-0_ome2-O-0-0_ome2-O-0-0_thiocyanate-S-0-d1_thiocyanate-S-0-d1_thiocyanate-S-0-d1_5,64.232177734375,46.03057861328125
co/2/co_2_misc-C-4-0_misc-C-4-0_misc-C-4-0_misc-C-4-0_misc-C-4-0_amine-N-0-d1_4,,
mn/2/mn_2_pyridine-N-3-0_pyridine-N-3-0_pyridine-N-3-0_ome2-O-0-0_pyridine-N-3-0_ome2-O-0-0_6,,41.8963623046875
fe/2/other/fe_2_ome2-O-0-0_ome2-O-0-0_ome2-O-0-0_SH2-S-0-0_ome2-O-0-0_SH2-S-0-0_5,38.618316650390625,38.57292175292969
fe/2/other/fe_2_water-O-0-0_water-O-0-0_water-O-0-0_water-O-0-0_carbonyl-C-0-0_carbonyl-C-0-0_5,33.97865295410156,40.29441833496094
mn/2/mn_2_acetonitrile-N-1-0_acetonitrile-N-1-0_acetonitrile-N-1-0_pyridine-N-3-0_pyridine-N-3-0_pyridine-N-3-0_6,69.47685241699219,78.13163757324219
co/2/co_2_imidazole-N-2-0_imidazole-N-2-0_imidazole-N-2-0_imidazole-N-2-0_imidazole-N-2-0_acetonitrile-N-1-0_4,,
mn/2/mn_2_SH2-S-0-0_SH2-S-0-0_SH2-S-0-0_SH2-S-0-0_water-O-0-0_water-O-0-0_6,,60.0
mn/2/mn_2_furan-O-0-0_furan-O-0-0_water-O-0-0_water-O-0-0_furan-O-0-0_water-O-0-0_6,,
co/3/co_3_acetonitrile-N-1-0_acetonitrile-N-1-0_acetonitrile-N-1-0_acetonitrile-N-1-0_fluoride-F-0-d1_fluoride-F-0-d1_5,28.05267333984375,31.340179443359375
mn/2/mn_2_imidazole-N-2-0_imidazole-N-2-0_imidazole-N-2-0_imidazole-N-2-0_ome2-O-0-0_ome2-O-0-0_6,43.97056579589844,
co/2/co_2_carboxyl-O-1-d1_carboxyl-O-1-d1_carboxyl-O-1-d1_carboxyl-O-1-d1_ammonia-N-0-0_ammonia-N-0-0_4,66.91566467285156,37.488555908203125
co/2/co_2_imidazole-N-2-0_imidazole-N-2-0_imidazole-N-2-0_imidazole-N-2-0_imidazole-N-2-0_amine-N-0-d1_4,68.67324829101562,38.06396484375
fe/2/a_f/fe_2_formaldehyde-O-1-0_formaldehyde-O-1-0_formaldehyde-O-1-0_water-O-0-0_water-O-0-0_water-O-0-0_5,32.63465881347656,38.65089416503906
mn/3/mn_3_carbonyl-C-0-0_carbonyl-C-0-0_carbonyl-C-0-0_carbonyl-C-0-0_ammonia-N-0-0_ammonia-N-0-0_5,22.265853881835938,11.117477416992188
fe/3/fe_3_cs-C-0-0_cs-C-0-0_cs-C-0-0_ammonia-N-0-0_cs-C-0-0_ammonia-N-0-0_6,45.1910400390625,38.86100769042969
cr/2/cr_2_ome2-O-0-0_ome2-O-0-0_ome2-O-0-0_ome2-O-0-0_ome2-O-0-0_chloride-Cl-0-d1_5,10.164947509765625,-13.610763549804688
mn/3/mn_3_formaldehyde-O-1-0_formaldehyde-O-1-0_pyridine-N-3-0_pyridine-N-3-0_formaldehyde-O-1-0_pyridine-N-3-0_5,31.329345703125,18.246612548828125
co/2/co_2_ome2-O-0-0_ome2-O-0-0_ome2-O-0-0_ome2-O-0-0_cyanide-C-0-d1_cyanide-C-0-d1_4,43.1060791015625,41.00189208984375
fe/3/fe_3_pyridine-N-3-0_pyridine-N-3-0_pyridine-N-3-0_phosphine-P-0-0_pyridine-N-3-0_phosphine-P-0-0_6,47.01812744140625,49.199981689453125
mn/3/mn_3_phosphine-P-0-0_phosphine-P-0-0_phosphine-P-0-0_phosphine-P-0-0_formaldehyde-O-1-0_formaldehyde-O-1-0_5,17.674407958984375,
cr/3/cr_3_pyridine-N-3-0_pyridine-N-3-0_pyridine-N-3-0_pyridine-N-3-0_hydroxyl-O-0-d1_hydroxyl-O-0-d1_4,145.87875366210938,371.9970703125
co/2/co_2_carboxyl-O-1-d1_carboxyl-O-1-d1_carboxyl-O-1-d1_pyridine-N-3-0_carboxyl-O-1-d1_pyridine-N-3-0_4,107.00180053710938,113.98933410644531
fe/2/a_f/fe_2_furan-O-0-0_furan-O-0-0_furan-O-0-0_furan-O-0-0_imidazole-N-2-0_imidazole-N-2-0_5,26.888656616210938,33.67607116699219
co/2/co_2_phosphine-P-0-0_phosphine-P-0-0_phosphine-P-0-0_thiocyanate-S-0-d1_phosphine-P-0-0_thiocyanate-S-0-d1_4,46.84135437011719,43.99650573730469
cr/2/cr_2_phosphine-P-0-0_phosphine-P-0-0_phosphine-P-0-0_phosphine-P-0-0_phosphine-P-0-0_acetonitrile-N-1-0_5,51.05934143066406,36.46125793457031
fe/3/fe_3_cs-C-0-0_cs-C-0-0_cs-C-0-0_cyanide-C-0-d1_cs-C-0-0_cyanide-C-0-d1_6,42.81532287597656,40.24688720703125
mn/2/mn_2_ome2-O-0-0_ome2-O-0-0_ome2-O-0-0_misc-C-4-0_misc-C-4-0_misc-C-4-0_6,86.99195861816406,75.0
mn/2/mn_2_misc-C-4-0_misc-C-4-0_misc-C-4-0_misc-C-4-0_misc-C-4-0_ome2-O-0-0_6,49.21638488769531,42.499847412109375
mn/2/mn_2_ome2-O-0-0_ome2-O-0-0_ome2-O-0-0_ome2-O-0-0_ome2-O-0-0_phosphine-P-0-0_6,,24.58953857421875
co/2/co_2_furan-O-0-0_furan-O-0-0_furan-O-0-0_furan-O-0-0_chloride-Cl-0-d1_chloride-Cl-0-d1_4,78.07579040527344,
co/2/co_2_misc-C-4-0_misc-C-4-0_misc-C-4-0_misc-C-4-0_misc-C-4-0_imidazole-N-2-0_4,39.09019470214844,44.81407165527344
co/3/co_3_thiocyanate-S-0-d1_thiocyanate-S-0-d1_misc-C-4-0_misc-C-4-0_thiocyanate-S-0-d1_misc-C-4-0_5,17.811431884765625,9.181671142578125
fe/2/a_f/fe_2_formaldehyde-O-1-0_formaldehyde-O-1-0_formaldehyde-O-1-0_formaldehyde-O-1-0_carbonyl-C-0-0_carbonyl-C-0-0_5,33.58154296875,37.95021057128906
fe/3/fe_3_ome2-O-0-0_ome2-O-0-0_ome2-O-0-0_phosphine-P-0-0_ome2-O-0-0_phosphine-P-0-0_6,60.19630432128906,54.08470153808594
fe/2/other/fe_2_ome2-O-0-0_ome2-O-0-0_ome2-O-0-0_acetonitrile-N-1-0_ome2-O-0-0_acetonitrile-N-1-0_5,29.303970336914062,36.25480651855469
fe/3/fe_3_imidazole-N-2-0_imidazole-N-2-0_imidazole-N-2-0_formaldehyde-O-1-0_imidazole-N-2-0_formaldehyde-O-1-0_6,,34.022369384765625
mn/2/mn_2_imidazole-N-2-0_imidazole-N-2-0_imidazole-N-2-0_imidazole-N-2-0_imidazole-N-2-0_chloride-Cl-0-d1_6,47.86125183105469,43.12187194824219
fe/2/a_f/fe_2_ammonia-N-0-0_ammonia-N-0-0_ammonia-N-0-0_carbonyl-C-0-0_carbonyl-C-0-0_carbonyl-C-0-0_5,35.11772155761719,38.274078369140625
fe/2/a_f/fe_2_furan-O-0-0_furan-O-0-0_furan-O-0-0_SH2-S-0-0_SH2-S-0-0_SH2-S-0-0_5,33.31855773925781,37.88780212402344
fe/2/a_f/fe_2_ammonia-N-0-0_ammonia-N-0-0_ammonia-N-0-0_ammonia-N-0-0_pyridine-N-3-0_pyridine-N-3-0_5,33.34739685058594,36.86744689941406
mn/2/mn_2_carbonyl-C-0-0_carbonyl-C-0-0_carbonyl-C-0-0_carbonyl-C-0-0_carbonyl-C-0-0_cs-C-0-0_6,54.136505126953125,50.310211181640625
fe/2/other/fe_2_cs-C-0-0_cs-C-0-0_cs-C-0-0_cs-C-0-0_cs-C-0-0_SH2-S-0-0_5,34.65766906738281,
fe/2/a_f/fe_2_formaldehyde-O-1-0_formaldehyde-O-1-0_formaldehyde-O-1-0_pyridine-N-3-0_pyridine-N-3-0_pyridine-N-3-0_5,36.35040283203125,
fe/2/other/fe_2_phosphine-P-0-0_phosphine-P-0-0_phosphine-P-0-0_phosphine-P-0-0_water-O-0-0_water-O-0-0_5,35.819091796875,39.144287109375
fe/3/fe_3_formaldehyde-O-1-0_formaldehyde-O-1-0_formaldehyde-O-1-0_phosphine-P-0-0_phosphine-P-0-0_phosphine-P-0-0_6,54.16130065917969,
cr/2/cr_2_ammonia-N-0-0_ammonia-N-0-0_ammonia-N-0-0_carboxyl-O-1-d1_carboxyl-O-1-d1_carboxyl-O-1-d1_5,17.538681030273438,1.310577392578125
fe/2/other/fe_2_water-O-0-0_water-O-0-0_water-O-0-0_water-O-0-0_water-O-0-0_carbonyl-C-0-0_5,33.009796142578125,39.82521057128906
fe/2/a_f/fe_2_ammonia-N-0-0_ammonia-N-0-0_ammonia-N-0-0_formaldehyde-O-1-0_formaldehyde-O-1-0_formaldehyde-O-1-0_5,32.399444580078125,37.44041442871094
cr/2/cr_2_pyridine-N-3-0_pyridine-N-3-0_pyridine-N-3-0_pyridine-N-3-0_pyridine-N-3-0_hydroxyl-O-0-d1_5,29.437179565429688,18.165740966796875
cr/2/cr_2_cs-C-0-0_cs-C-0-0_cs-C-0-0_cs-C-0-0_formaldehyde-O-1-0_formaldehyde-O-1-0_5,32.79441833496094,22.083969116210938
co/2/co_2_imidazole-N-2-0_imidazole-N-2-0_imidazole-N-2-0_thiocyanate-S-0-d1_thiocyanate-S-0-d1_thiocyanate-S-0-d1_4,32.347869873046875,30.425262451171875
mn/2/mn_2_cs-C-0-0_cs-C-0-0_cs-C-0-0_cs-C-0-0_cs-C-0-0_hydroxyl-O-0-d1_6,52.304534912109375,
cr/2/cr_2_imidazole-N-2-0_imidazole-N-2-0_imidazole-N-2-0_imidazole-N-2-0_ammonia-N-0-0_ammonia-N-0-0_5,32.14698791503906,22.491226196289062
mn/2/mn_2_phosphine-P-0-0_phosphine-P-0-0_phosphine-P-0-0_SH2-S-0-0_SH2-S-0-0_SH2-S-0-0_6,54.37583923339844,48.261566162109375
mn/3/mn_3_chloride-Cl-0-d1_chloride-Cl-0-d1_chloride-Cl-0-d1_cyanide-C-0-d1_chloride-Cl-0-d1_cyanide-C-0-d1_5,13.7457275390625,1.446075439453125
fe/2/a_f/fe_2_formaldehyde-O-1-0_formaldehyde-O-1-0_misc-C-4-0_misc-C-4-0_formaldehyde-O-1-0_misc-C-4-0_5,34.195404052734375,37.45201110839844
fe/3/fe_3_carbonyl-C-0-0_carbonyl-C-0-0_carbonyl-C-0-0_water-O-0-0_carbonyl-C-0-0_water-O-0-0_6,45.53924560546875,43.91075134277344
cr/2/cr_2_cs-C-0-0_cs-C-0-0_cs-C-0-0_pyridine-N-3-0_cs-C-0-0_pyridine-N-3-0_5,48.209381103515625,40.46089172363281
co/2/co_2_pyridine-N-3-0_pyridine-N-3-0_pyridine-N-3-0_pyridine-N-3-0_cyanide-C-0-d1_cyanide-C-0-d1_4,43.39576721191406,38.52867126464844
mn/3/mn_3_cs-C-0-0_cs-C-0-0_cs-C-0-0_hydroxyl-O-0-d1_cs-C-0-0_hydroxyl-O-0-d1_5,35.29296875,22.530441284179688
cr/2/cr_2_misc-C-4-0_misc-C-4-0_misc-C-4-0_misc-C-4-0_misc-C-4-0_furan-O-0-0_5,25.197830200195312,11.512603759765625
co/3/co_3_carbonyl-C-0-0_carbonyl-C-0-0_carbonyl-C-0-0_carbonyl-C-0-0_cs-C-0-0_cs-C-0-0_5,25.565643310546875,21.169509887695312
mn/3/mn_3_ome2-O-0-0_ome2-O-0-0_ome2-O-0-0_ome2-O-0-0_ome2-O-0-0_carboxyl-O-1-d1_5,-35.541839599609375,
fe/3/fe_3_carboxyl-O-1-d1_carboxyl-O-1-d1_carboxyl-O-1-d1_fluoride-F-0-d1_fluoride-F-0-d1_fluoride-F-0-d1_6,34.247283935546875,
cr/2/cr_2_furan-O-0-0_furan-O-0-0_furan-O-0-0_phosphine-P-0-0_furan-O-0-0_phosphine-P-0-0_5,11.823348999023438,-1.435546875
mn/2/mn_2_pyridine-N-3-0_pyridine-N-3-0_pyridine-N-3-0_pyridine-N-3-0_pyridine-N-3-0_furan-O-0-0_6,,
fe/2/a_f/fe_2_acetonitrile-N-1-0_acetonitrile-N-1-0_acetonitrile-N-1-0_water-O-0-0_water-O-0-0_water-O-0-0_5,30.930862426757812,37.0001220703125
mn/3/mn_3_water-O-0-0_water-O-0-0_water-O-0-0_water-O-0-0_thiocyanate-S-0-d1_thiocyanate-S-0-d1_5,29.911270141601562,20.393218994140625
cr/2/cr_2_ome2-O-0-0_ome2-O-0-0_ome2-O-0-0_ome2-O-0-0_acetonitrile-N-1-0_acetonitrile-N-1-0_5,57.07939147949219,41.00883483886719
mn/2/mn_2_ome2-O-0-0_ome2-O-0-0_ome2-O-0-0_ome2-O-0-0_fluoride-F-0-d1_fluoride-F-0-d1_6,88.07830810546875,64.53773498535156
co/2/co_2_SH2-S-0-0_SH2-S-0-0_SH2-S-0-0_imidazole-N-2-0_SH2-S-0-0_imidazole-N-2-0_4,38.26499938964844,35.618438720703125
cr/2/cr_2_ome2-O-0-0_ome2-O-0-0_ome2-O-0-0_chloride-Cl-0-d1_ome2-O-0-0_chloride-Cl-0-d1_5,34.16572570800781,18.745574951171875
mn/3/mn_3_acetonitrile-N-1-0_acetonitrile-N-1-0_acetonitrile-N-1-0_acetonitrile-N-1-0_SH2-S-0-0_SH2-S-0-0_5,19.5721435546875,7.573699951171875
mn/2/mn_2_cs-C-0-0_cs-C-0-0_formaldehyde-O-1-0_formaldehyde-O-1-0_cs-C-0-0_formaldehyde-O-1-0_6,,
co/2/co_2_water-O-0-0_water-O-0-0_water-O-0-0_water-O-0-0_furan-O-0-0_furan-O-0-0_4,34.66896057128906,33.89923095703125
cr/2/cr_2_ome2-O-0-0_ome2-O-0-0_ome2-O-0-0_water-O-0-0_ome2-O-0-0_water-O-0-0_5,18.380508422851562,2.806854248046875
co/3/co_3_phosphine-P-0-0_phosphine-P-0-0_phosphine-P-0-0_phosphine-P-0-0_carboxyl-O-1-d1_carboxyl-O-1-d1_5,1.3543701171875,-15.835723876953125
fe/2/other/fe_2_ome2-O-0-0_ome2-O-0-0_ome2-O-0-0_ome2-O-0-0_ome2-O-0-0_furan-O-0-0_5,28.962326049804688,
mn/2/mn_2_imidazole-N-2-0_imidazole-N-2-0_imidazole-N-2-0_imidazole-N-2-0_imidazole-N-2-0_thiocyanate-S-0-d1_6,,
cr/2/cr_2_chloride-Cl-0-d1_chloride-Cl-0-d1_chloride-Cl-0-d1_furan-O-0-0_furan-O-0-0_furan-O-0-0_5,31.81243896484375,15.952224731445312
cr/2/cr_2_ome2-O-0-0_ome2-O-0-0_ome2-O-0-0_ome2-O-0-0_ome2-O-0-0_furan-O-0-0_5,47.920684814453125,30.407638549804688
co/2/co_2_cs-C-0-0_cs-C-0-0_phosphine-P-0-0_phosphine-P-0-0_cs-C-0-0_phosphine-P-0-0_4,43.703460693359375,40.31044006347656
fe/3/fe_3_cyanide-C-0-d1_cyanide-C-0-d1_cyanide-C-0-d1_hydroxyl-O-0-d1_cyanide-C-0-d1_hydroxyl-O-0-d1_6,56.31324768066406,61.837921142578125
cr/3/cr_3_ammonia-N-0-0_ammonia-N-0-0_imidazole-N-2-0_imidazole-N-2-0_ammonia-N-0-0_imidazole-N-2-0_4,34.53956604003906,-92.66365051269531
fe/2/a_f/fe_2_formaldehyde-O-1-0_formaldehyde-O-1-0_formaldehyde-O-1-0_formaldehyde-O-1-0_formaldehyde-O-1-0_acetonitrile-N-1-0_5,31.313247680664062,36.595916748046875
fe/3/fe_3_carbonyl-C-0-0_carbonyl-C-0-0_carbonyl-C-0-0_carbonyl-C-0-0_carbonyl-C-0-0_thiocyanate-S-0-d1_6,,132.78953552246094
co/2/co_2_misc-C-4-0_misc-C-4-0_misc-C-4-0_misc-C-4-0_cs-C-0-0_cs-C-0-0_4,45.59486389160156,39.67521667480469
co/2/co_2_cs-C-0-0_cs-C-0-0_water-O-0-0_water-O-0-0_cs-C-0-0_water-O-0-0_4,39.029388427734375,37.21214294433594
co/2/co_2_misc-C-4-0_misc-C-4-0_misc-C-4-0_misc-C-4-0_misc-C-4-0_SH2-S-0-0_4,45.55000305175781,41.63230895996094
cr/2/cr_2_thiocyanate-S-0-d1_thiocyanate-S-0-d1_thiocyanate-S-0-d1_thiocyanate-S-0-d1_carbonyl-C-0-0_carbonyl-C-0-0_5,36.78550720214844,25.746917724609375
mn/2/mn_2_cs-C-0-0_cs-C-0-0_cs-C-0-0_SH2-S-0-0_SH2-S-0-0_SH2-S-0-0_6,,
co/3/co_3_imidazole-N-2-0_imidazole-N-2-0_imidazole-N-2-0_ome2-O-0-0_imidazole-N-2-0_ome2-O-0-0_5,7.042083740234375,0.3896331787109375
co/2/co_2_pyridine-N-3-0_pyridine-N-3-0_pyridine-N-3-0_pyridine-N-3-0_pyridine-N-3-0_furan-O-0-0_4,34.08439636230469,31.418609619140625
fe/2/other/fe_2_ome2-O-0-0_ome2-O-0-0_ome2-O-0-0_ome2-O-0-0_formaldehyde-O-1-0_formaldehyde-O-1-0_5,29.99847412109375,37.376708984375
fe/2/a_f/fe_2_ammonia-N-0-0_ammonia-N-0-0_ammonia-N-0-0_ammonia-N-0-0_SH2-S-0-0_SH2-S-0-0_5,34.66819763183594,38.29216003417969
cr/3/cr_3_carbonyl-C-0-0_carbonyl-C-0-0_carbonyl-C-0-0_cyanide-C-0-d1_carbonyl-C-0-0_cyanide-C-0-d1_4,146.29013061523438,
mn/2/mn_2_SH2-S-0-0_SH2-S-0-0_SH2-S-0-0_SH2-S-0-0_imidazole-N-2-0_imidazole-N-2-0_6,,49.059295654296875
fe/2/a_f/fe_2_furan-O-0-0_furan-O-0-0_furan-O-0-0_furan-O-0-0_fluoride-F-0-d1_fluoride-F-0-d1_5,23.975830078125,35.37818908691406
mn/3/mn_3_cyanide-C-0-d1_cyanide-C-0-d1_cyanide-C-0-d1_pyridine-N-3-0_pyridine-N-3-0_pyridine-N-3-0_5,46.15730285644531,36.043548583984375
fe/2/a_f/fe_2_formaldehyde-O-1-0_formaldehyde-O-1-0_SH2-S-0-0_SH2-S-0-0_formaldehyde-O-1-0_SH2-S-0-0_5,35.19866943359375,37.90687561035156
fe/3/fe_3_carbonyl-C-0-0_carbonyl-C-0-0_carbonyl-C-0-0_phosphine-P-0-0_phosphine-P-0-0_phosphine-P-0-0_6,47.65716552734375,39.67803955078125
mn/3/mn_3_formaldehyde-O-1-0_formaldehyde-O-1-0_formaldehyde-O-1-0_formaldehyde-O-1-0_formaldehyde-O-1-0_fluoride-F-0-d1_5,31.841888427734375,2.0497894287109375
co/2/co_2_ome2-O-0-0_ome2-O-0-0_ome2-O-0-0_ome2-O-0-0_ome2-O-0-0_acetonitrile-N-1-0_4,46.84700012207031,45.57151794433594
cr/3/cr_3_pyridine-N-3-0_pyridine-N-3-0_pyridine-N-3-0_pyridine-N-3-0_chloride-Cl-0-d1_chloride-Cl-0-d1_4,30.486526489257812,4.815521240234375
fe/3/fe_3_pyridine-N-3-0_pyridine-N-3-0_pyridine-N-3-0_pyridine-N-3-0_pyridine-N-3-0_carbonyl-C-0-0_6,41.11846923828125,38.18389892578125
fe/2/other/fe_2_imidazole-N-2-0_imidazole-N-2-0_imidazole-N-2-0_imidazole-N-2-0_imidazole-N-2-0_misc-C-4-0_5,29.818115234375,37.971649169921875
fe/3/fe_3_misc-C-4-0_misc-C-4-0_misc-C-4-0_misc-C-4-0_pyridine-N-3-0_pyridine-N-3-0_6,,
mn/2/mn_2_cs-C-0-0_cs-C-0-0_cs-C-0-0_cs-C-0-0_thiocyanate-S-0-d1_thiocyanate-S-0-d1_6,62.215118408203125,66.65390014648438
co/2/co_2_ammonia-N-0-0_ammonia-N-0-0_SH2-S-0-0_SH2-S-0-0_ammonia-N-0-0_SH2-S-0-0_4,39.174346923828125,37.016143798828125
fe/2/other/fe_2_cyanide-C-0-d1_cyanide-C-0-d1_cyanide-C-0-d1_cyanide-C-0-d1_pyridine-N-3-0_pyridine-N-3-0_5,31.028976440429688,33.62518310546875
mn/2/mn_2_furan-O-0-0_furan-O-0-0_furan-O-0-0_carbonyl-C-0-0_furan-O-0-0_carbonyl-C-0-0_6,53.11836242675781,47.02430725097656
fe/2/a_f/fe_2_acetonitrile-N-1-0_acetonitrile-N-1-0_acetonitrile-N-1-0_ammonia-N-0-0_ammonia-N-0-0_ammonia-N-0-0_5,34.9444580078125,38.78318786621094
cr/3/cr_3_ammonia-N-0-0_ammonia-N-0-0_ammonia-N-0-0_ammonia-N-0-0_ammonia-N-0-0_amine-N-0-d1_4,36.25617980957031,7.7396392822265625
mn/2/mn_2_phosphine-P-0-0_phosphine-P-0-0_phosphine-P-0-0_phosphine-P-0-0_phosphine-P-0-0_cyanide-C-0-d1_6,,
mn/2/mn_2_SH2-S-0-0_SH2-S-0-0_SH2-S-0-0_SH2-S-0-0_SH2-S-0-0_acetonitrile-N-1-0_6,51.46087646484375,48.07777404785156
co/2/co_2_cs-C-0-0_cs-C-0-0_cs-C-0-0_cs-C-0-0_cs-C-0-0_hydroxyl-O-0-d1_4,39.59159851074219,37.544097900390625
co/2/co_2_SH2-S-0-0_SH2-S-0-0_SH2-S-0-0_water-O-0-0_water-O-0-0_water-O-0-0_4,46.165618896484375,44.09996032714844
co/3/co_3_formaldehyde-O-1-0_formaldehyde-O-1-0_formaldehyde-O-1-0_formaldehyde-O-1-0_formaldehyde-O-1-0_pyridine-N-3-0_5,11.385269165039062,
cr/2/cr_2_furan-O-0-0_furan-O-0-0_furan-O-0-0_furan-O-0-0_pyridine-N-3-0_pyridine-N-3-0_5,-11.016769409179688,-26.407012939453125
fe/2/a_f/fe_2_ammonia-N-0-0_ammonia-N-0-0_ammonia-N-0-0_carboxyl-O-1-d1_ammonia-N-0-0_carboxyl-O-1-d1_5,33.28544616699219,37.42523193359375
fe/2/other/fe_2_pyridine-N-3-0_pyridine-N-3-0_pyridine-N-3-0_pyridine-N-3-0_pyridine-N-3-0_cs-C-0-0_5,32.85758972167969,
fe/2/a_f/fe_2_formaldehyde-O-1-0_formaldehyde-O-1-0_formaldehyde-O-1-0_formaldehyde-O-1-0_pyridine-N-3-0_pyridine-N-3-0_5,30.98052978515625,36.16096496582031
co/2/co_2_ome2-O-0-0_ome2-O-0-0_ome2-O-0-0_cs-C-0-0_ome2-O-0-0_cs-C-0-0_4,42.606353759765625,40.688629150390625
co/2/co_2_ome2-O-0-0_ome2-O-0-0_ome2-O-0-0_ome2-O-0-0_ome2-O-0-0_amine-N-0-d1_4,100.91217041015625,107.54898071289062
fe/3/fe_3_hydroxyl-O-0-d1_hydroxyl-O-0-d1_hydroxyl-O-0-d1_hydroxyl-O-0-d1_ome2-O-0-0_ome2-O-0-0_6,57.664337158203125,42.27684020996094
co/2/co_2_water-O-0-0_water-O-0-0_water-O-0-0_water-O-0-0_water-O-0-0_imidazole-N-2-0_4,60.61248779296875,57.16804504394531
co/2/co_2_furan-O-0-0_furan-O-0-0_furan-O-0-0_furan-O-0-0_furan-O-0-0_acetonitrile-N-1-0_4,37.31605529785156,36.486358642578125
mn/2/mn_2_cyanide-C-0-d1_cyanide-C-0-d1_cyanide-C-0-d1_cyanide-C-0-d1_imidazole-N-2-0_imidazole-N-2-0_6,51.757659912109375,47.832489013671875
fe/2/other/fe_2_imidazole-N-2-0_imidazole-N-2-0_imidazole-N-2-0_imidazole-N-2-0_carboxyl-O-1-d1_carboxyl-O-1-d1_5,33.83552551269531,37.959136962890625
cr/2/cr_2_phosphine-P-0-0_phosphine-P-0-0_phosphine-P-0-0_phosphine-P-0-0_phosphine-P-0-0_water-O-0-0_5,23.564682006835938,9.718704223632812
cr/2/cr_2_furan-O-0-0_furan-O-0-0_furan-O-0-0_furan-O-0-0_imidazole-N-2-0_imidazole-N-2-0_5,-8.989334106445312,-28.385391235351562
cr/3/cr_3_phosphine-P-0-0_phosphine-P-0-0_phosphine-P-0-0_ome2-O-0-0_phosphine-P-0-0_ome2-O-0-0_4,36.99737548828125,14.06494140625
mn/2/mn_2_misc-C-4-0_misc-C-4-0_misc-C-4-0_misc-C-4-0_misc-C-4-0_cs-C-0-0_6,47.21138000488281,43.05000305175781
fe/3/fe_3_chloride-Cl-0-d1_chloride-Cl-0-d1_cyanide-C-0-d1_cyanide-C-0-d1_chloride-Cl-0-d1_cyanide-C-0-d1_6,39.7186279296875,36.853790283203125
co/2/co_2_cs-C-0-0_cs-C-0-0_cs-C-0-0_cs-C-0-0_formaldehyde-O-1-0_formaldehyde-O-1-0_4,38.864593505859375,46.68907165527344
fe/2/a_f/fe_2_acetonitrile-N-1-0_acetonitrile-N-1-0_acetonitrile-N-1-0_ome2-O-0-0_ome2-O-0-0_ome2-O-0-0_5,29.189605712890625,35.60455322265625
co/3/co_3_imidazole-N-2-0_imidazole-N-2-0_imidazole-N-2-0_imidazole-N-2-0_phosphine-P-0-0_phosphine-P-0-0_5,11.95343017578125,3.2263946533203125
fe/2/other/fe_2_water-O-0-0_water-O-0-0_water-O-0-0_water-O-0-0_water-O-0-0_ome2-O-0-0_5,30.843734741210938,38.38310241699219
co/2/co_2_acetonitrile-N-1-0_acetonitrile-N-1-0_acetonitrile-N-1-0_acetonitrile-N-1-0_acetonitrile-N-1-0_amine-N-0-d1_4,76.9903564453125,92.79640197753906
cr/3/cr_3_acetonitrile-N-1-0_acetonitrile-N-1-0_acetonitrile-N-1-0_carbonyl-C-0-0_acetonitrile-N-1-0_carbonyl-C-0-0_4,189.82162475585938,
mn/2/mn_2_furan-O-0-0_furan-O-0-0_furan-O-0-0_furan-O-0-0_chloride-Cl-0-d1_chloride-Cl-0-d1_6,,
co/3/co_3_chloride-Cl-0-d1_chloride-Cl-0-d1_chloride-Cl-0-d1_chloride-Cl-0-d1_pyridine-N-3-0_pyridine-N-3-0_5,20.698776245117188,29.820938110351562
fe/2/a_f/fe_2_formaldehyde-O-1-0_formaldehyde-O-1-0_formaldehyde-O-1-0_furan-O-0-0_furan-O-0-0_furan-O-0-0_5,34.32441711425781,39.8284912109375
fe/3/fe_3_misc-C-4-0_misc-C-4-0_misc-C-4-0_misc-C-4-0_ammonia-N-0-0_ammonia-N-0-0_6,40.34088134765625,37.588653564453125
fe/2/other/fe_2_cs-C-0-0_cs-C-0-0_cs-C-0-0_cs-C-0-0_cs-C-0-0_furan-O-0-0_5,36.32102966308594,37.88299560546875
fe/2/a_f/fe_2_formaldehyde-O-1-0_formaldehyde-O-1-0_formaldehyde-O-1-0_formaldehyde-O-1-0_chloride-Cl-0-d1_chloride-Cl-0-d1_5,44.44236755371094,37.37724304199219
fe/2/other/fe_2_water-O-0-0_water-O-0-0_water-O-0-0_water-O-0-0_SH2-S-0-0_SH2-S-0-0_5,43.52165222167969,47.64801025390625
co/2/co_2_SH2-S-0-0_SH2-S-0-0_SH2-S-0-0_SH2-S-0-0_fluoride-F-0-d1_fluoride-F-0-d1_4,883.5842132568359,181.23779296875
mn/2/mn_2_cs-C-0-0_cs-C-0-0_cs-C-0-0_furan-O-0-0_cs-C-0-0_furan-O-0-0_6,48.3990478515625,45.4132080078125
cr/2/cr_2_cs-C-0-0_cs-C-0-0_cs-C-0-0_cs-C-0-0_imidazole-N-2-0_imidazole-N-2-0_5,17.444839477539062,4.2908477783203125
co/3/co_3_cs-C-0-0_cs-C-0-0_cs-C-0-0_cs-C-0-0_hydroxyl-O-0-d1_hydroxyl-O-0-d1_5,25.080184936523438,31.419296264648438
fe/2/a_f/fe_2_formaldehyde-O-1-0_formaldehyde-O-1-0_formaldehyde-O-1-0_formaldehyde-O-1-0_furan-O-0-0_furan-O-0-0_5,29.120330810546875,35.95100402832031
fe/2/other/fe_2_carbonyl-C-0-0_carbonyl-C-0-0_carbonyl-C-0-0_carbonyl-C-0-0_carbonyl-C-0-0_acetonitrile-N-1-0_5,33.49067687988281,36.37428283691406
cr/2/cr_2_cs-C-0-0_cs-C-0-0_cs-C-0-0_cs-C-0-0_ome2-O-0-0_ome2-O-0-0_5,33.18389892578125,23.361358642578125
fe/2/other/fe_2_cs-C-0-0_cs-C-0-0_cs-C-0-0_cs-C-0-0_cs-C-0-0_cs-C-0-0_5,34.79087829589844,35.27488708496094
co/3/co_3_water-O-0-0_water-O-0-0_water-O-0-0_cs-C-0-0_water-O-0-0_cs-C-0-0_5,26.354751586914062,25.602340698242188
mn/3/mn_3_thiocyanate-S-0-d1_thiocyanate-S-0-d1_thiocyanate-S-0-d1_thiocyanate-S-0-d1_phosphine-P-0-0_phosphine-P-0-0_5,,
fe/2/other/fe_2_SH2-S-0-0_SH2-S-0-0_SH2-S-0-0_SH2-S-0-0_pyridine-N-3-0_pyridine-N-3-0_5,32.704010009765625,36.174163818359375
fe/3/fe_3_imidazole-N-2-0_imidazole-N-2-0_imidazole-N-2-0_imidazole-N-2-0_imidazole-N-2-0_hydroxyl-O-0-d1_6,43.94073486328125,42.26768493652344
cr/3/cr_3_water-O-0-0_water-O-0-0_water-O-0-0_water-O-0-0_cs-C-0-0_cs-C-0-0_4,,
fe/2/other/fe_2_carbonyl-C-0-0_carbonyl-C-0-0_formaldehyde-O-1-0_formaldehyde-O-1-0_carbonyl-C-0-0_formaldehyde-O-1-0_5,32.767181396484375,37.65464782714844
cr/3/cr_3_water-O-0-0_water-O-0-0_water-O-0-0_water-O-0-0_chloride-Cl-0-d1_chloride-Cl-0-d1_4,75.98793029785156,42.23228454589844
fe/2/a_f/fe_2_amine-N-0-d1_amine-N-0-d1_amine-N-0-d1_amine-N-0-d1_pyridine-N-3-0_pyridine-N-3-0_5,16.938095092773438,19.712142944335938
co/3/co_3_carbonyl-C-0-0_carbonyl-C-0-0_carbonyl-C-0-0_carbonyl-C-0-0_pyridine-N-3-0_pyridine-N-3-0_5,20.970916748046875,12.206344604492188
mn/2/mn_2_cs-C-0-0_cs-C-0-0_cs-C-0-0_cs-C-0-0_cs-C-0-0_acetonitrile-N-1-0_6,49.02778625488281,
mn/2/mn_2_cs-C-0-0_cs-C-0-0_phosphine-P-0-0_phosphine-P-0-0_cs-C-0-0_phosphine-P-0-0_6,50.37689208984375,42.61383056640625
fe/2/a_f/fe_2_formaldehyde-O-1-0_formaldehyde-O-1-0_formaldehyde-O-1-0_formaldehyde-O-1-0_ome2-O-0-0_ome2-O-0-0_5,31.706161499023438,37.662811279296875
fe/2/other/fe_2_carbonyl-C-0-0_carbonyl-C-0-0_carbonyl-C-0-0_furan-O-0-0_carbonyl-C-0-0_furan-O-0-0_5,33.21540832519531,37.44964599609375
fe/3/fe_3_pyridine-N-3-0_pyridine-N-3-0_pyridine-N-3-0_pyridine-N-3-0_cs-C-0-0_cs-C-0-0_6,37.74116516113281,35.039520263671875
cr/2/cr_2_phosphine-P-0-0_phosphine-P-0-0_phosphine-P-0-0_phosphine-P-0-0_phosphine-P-0-0_cs-C-0-0_5,21.561126708984375,12.935943603515625
mn/2/mn_2_pyridine-N-3-0_pyridine-N-3-0_pyridine-N-3-0_pyridine-N-3-0_carbonyl-C-0-0_carbonyl-C-0-0_6,,55.04547119140625
mn/2/mn_2_pyridine-N-3-0_pyridine-N-3-0_pyridine-N-3-0_pyridine-N-3-0_furan-O-0-0_furan-O-0-0_6,71.36001586914062,74.02481079101562
mn/3/mn_3_SH2-S-0-0_SH2-S-0-0_SH2-S-0-0_SH2-S-0-0_SH2-S-0-0_amine-N-0-d1_5,-51.410675048828125,-30.024642944335938
mn/2/mn_2_acetonitrile-N-1-0_acetonitrile-N-1-0_acetonitrile-N-1-0_acetonitrile-N-1-0_acetonitrile-N-1-0_furan-O-0-0_6,42.44453430175781,38.91944885253906
co/2/co_2_cs-C-0-0_cs-C-0-0_cs-C-0-0_cs-C-0-0_cs-C-0-0_furan-O-0-0_4,39.72373962402344,36.44844055175781
cr/3/cr_3_cs-C-0-0_cs-C-0-0_cs-C-0-0_cs-C-0-0_cs-C-0-0_thiocyanate-S-0-d1_4,89.55108642578125,
mn/2/mn_2_misc-C-4-0_misc-C-4-0_misc-C-4-0_misc-C-4-0_cs-C-0-0_cs-C-0-0_6,47.8143310546875,43.88420104980469
cr/2/cr_2_cs-C-0-0_cs-C-0-0_cs-C-0-0_cs-C-0-0_cs-C-0-0_misc-C-4-0_5,30.87127685546875,21.456298828125
co/2/co_2_SH2-S-0-0_SH2-S-0-0_SH2-S-0-0_SH2-S-0-0_SH2-S-0-0_imidazole-N-2-0_4,57.23991394042969,54.25537109375
fe/2/a_f/fe_2_furan-O-0-0_furan-O-0-0_furan-O-0-0_water-O-0-0_water-O-0-0_water-O-0-0_5,30.374832153320312,37.235107421875
cr/2/cr_2_acetonitrile-N-1-0_acetonitrile-N-1-0_acetonitrile-N-1-0_acetonitrile-N-1-0_acetonitrile-N-1-0_thiocyanate-S-0-d1_5,18.309783935546875,3.2269287109375
fe/2/a_f/fe_2_formaldehyde-O-1-0_formaldehyde-O-1-0_ome2-O-0-0_ome2-O-0-0_formaldehyde-O-1-0_ome2-O-0-0_5,30.06561279296875,37.10807800292969
mn/3/mn_3_phosphine-P-0-0_phosphine-P-0-0_phosphine-P-0-0_carbonyl-C-0-0_phosphine-P-0-0_carbonyl-C-0-0_5,26.322021484375,17.122344970703125
co/3/co_3_furan-O-0-0_furan-O-0-0_furan-O-0-0_amine-N-0-d1_furan-O-0-0_amine-N-0-d1_5,7.3954010009765625,-0.91796875
mn/3/mn_3_cs-C-0-0_cs-C-0-0_cs-C-0-0_phosphine-P-0-0_cs-C-0-0_phosphine-P-0-0_5,,
mn/2/mn_2_phosphine-P-0-0_phosphine-P-0-0_phosphine-P-0-0_furan-O-0-0_phosphine-P-0-0_furan-O-0-0_6,51.14143371582031,43.639068603515625
fe/2/a_f/fe_2_formaldehyde-O-1-0_formaldehyde-O-1-0_formaldehyde-O-1-0_formaldehyde-O-1-0_formaldehyde-O-1-0_carbonyl-C-0-0_5,32.54631042480469,37.584228515625
cr/2/cr_2_phosphine-P-0-0_phosphine-P-0-0_phosphine-P-0-0_water-O-0-0_water-O-0-0_water-O-0-0_5,64.02427673339844,47.08229064941406
fe/3/fe_3_cyanide-C-0-d1_cyanide-C-0-d1_cyanide-C-0-d1_cyanide-C-0-d1_cs-C-0-0_cs-C-0-0_6,46.92779541015625,
co/2/co_2_phosphine-P-0-0_phosphine-P-0-0_phosphine-P-0-0_phosphine-P-0-0_phosphine-P-0-0_misc-C-4-0_4,39.746856689453125,41.22955322265625
fe/2/a_f/fe_2_ammonia-N-0-0_ammonia-N-0-0_ammonia-N-0-0_ammonia-N-0-0_thiocyanate-S-0-d1_thiocyanate-S-0-d1_5,33.15185546875,36.532440185546875
mn/2/mn_2_formaldehyde-O-1-0_formaldehyde-O-1-0_formaldehyde-O-1-0_formaldehyde-O-1-0_misc-C-4-0_misc-C-4-0_6,63.86299133300781,66.64375305175781
co/2/co_2_phosphine-P-0-0_phosphine-P-0-0_phosphine-P-0-0_phosphine-P-0-0_cyanide-C-0-d1_cyanide-C-0-d1_4,38.37547302246094,35.701141357421875
fe/2/other/fe_2_imidazole-N-2-0_imidazole-N-2-0_imidazole-N-2-0_cyanide-C-0-d1_imidazole-N-2-0_cyanide-C-0-d1_5,,
fe/2/a_f/fe_2_furan-O-0-0_furan-O-0-0_furan-O-0-0_furan-O-0-0_furan-O-0-0_SH2-S-0-0_5,26.032485961914062,32.7227783203125
mn/2/mn_2_imidazole-N-2-0_imidazole-N-2-0_phosphine-P-0-0_phosphine-P-0-0_imidazole-N-2-0_phosphine-P-0-0_6,72.06398010253906,77.17147827148438
mn/2/mn_2_misc-C-4-0_misc-C-4-0_misc-C-4-0_misc-C-4-0_pyridine-N-3-0_pyridine-N-3-0_6,,
co/2/co_2_ome2-O-0-0_ome2-O-0-0_ome2-O-0-0_water-O-0-0_ome2-O-0-0_water-O-0-0_4,36.88270568847656,36.138153076171875
cr/2/cr_2_ome2-O-0-0_ome2-O-0-0_ome2-O-0-0_ome2-O-0-0_ome2-O-0-0_thiocyanate-S-0-d1_5,14.8797607421875,1.5370941162109375
mn/2/mn_2_acetonitrile-N-1-0_acetonitrile-N-1-0_acetonitrile-N-1-0_SH2-S-0-0_SH2-S-0-0_SH2-S-0-0_6,52.75604248046875,44.00840759277344
cr/3/cr_3_chloride-Cl-0-d1_chloride-Cl-0-d1_chloride-Cl-0-d1_pyridine-N-3-0_chloride-Cl-0-d1_pyridine-N-3-0_4,46.81640625,26.375808715820312
co/2/co_2_acetonitrile-N-1-0_acetonitrile-N-1-0_acetonitrile-N-1-0_acetonitrile-N-1-0_acetonitrile-N-1-0_imidazole-N-2-0_4,23.143539428710938,39.45365905761719
mn/3/mn_3_pyridine-N-3-0_pyridine-N-3-0_pyridine-N-3-0_thiocyanate-S-0-d1_thiocyanate-S-0-d1_thiocyanate-S-0-d1_5,,18.486557006835938
co/2/co_2_imidazole-N-2-0_imidazole-N-2-0_imidazole-N-2-0_chloride-Cl-0-d1_imidazole-N-2-0_chloride-Cl-0-d1_4,40.348052978515625,38.53729248046875
cr/3/cr_3_formaldehyde-O-1-0_formaldehyde-O-1-0_formaldehyde-O-1-0_ome2-O-0-0_ome2-O-0-0_ome2-O-0-0_4,44.32762145996094,18.943405151367188
fe/2/a_f/fe_2_ammonia-N-0-0_ammonia-N-0-0_ammonia-N-0-0_pyridine-N-3-0_pyridine-N-3-0_pyridine-N-3-0_5,31.79718017578125,36.26304626464844
mn/2/mn_2_imidazole-N-2-0_imidazole-N-2-0_imidazole-N-2-0_ome2-O-0-0_ome2-O-0-0_ome2-O-0-0_6,,
mn/2/mn_2_carbonyl-C-0-0_carbonyl-C-0-0_carbonyl-C-0-0_water-O-0-0_water-O-0-0_water-O-0-0_6,43.563079833984375,40.53955078125
fe/2/other/fe_2_carbonyl-C-0-0_carbonyl-C-0-0_carbonyl-C-0-0_carbonyl-C-0-0_cyanide-C-0-d1_cyanide-C-0-d1_5,,21.1871337890625
mn/2/mn_2_water-O-0-0_water-O-0-0_water-O-0-0_water-O-0-0_water-O-0-0_SH2-S-0-0_6,86.86614990234375,92.70942687988281
co/2/co_2_carbonyl-C-0-0_carbonyl-C-0-0_carbonyl-C-0-0_misc-C-4-0_misc-C-4-0_misc-C-4-0_4,51.16752624511719,46.492156982421875
cr/3/cr_3_chloride-Cl-0-d1_chloride-Cl-0-d1_chloride-Cl-0-d1_chloride-Cl-0-d1_chloride-Cl-0-d1_carbonyl-C-0-0_4,,
cr/2/cr_2_pyridine-N-3-0_pyridine-N-3-0_pyridine-N-3-0_pyridine-N-3-0_thiocyanate-S-0-d1_thiocyanate-S-0-d1_5,6.2697601318359375,-6.9498443603515625
fe/2/a_f/fe_2_formaldehyde-O-1-0_formaldehyde-O-1-0_formaldehyde-O-1-0_formaldehyde-O-1-0_formaldehyde-O-1-0_cs-C-0-0_5,33.43406677246094,37.171630859375
fe/2/other/fe_2_carboxyl-O-1-d1_carboxyl-O-1-d1_carboxyl-O-1-d1_carboxyl-O-1-d1_carboxyl-O-1-d1_pyridine-N-3-0_5,30.689849853515625,35.36094665527344
fe/3/fe_3_cyanide-C-0-d1_cyanide-C-0-d1_fluoride-F-0-d1_fluoride-F-0-d1_cyanide-C-0-d1_fluoride-F-0-d1_6,55.21553039550781,45.81764221191406
fe/2/a_f/fe_2_formaldehyde-O-1-0_formaldehyde-O-1-0_formaldehyde-O-1-0_formaldehyde-O-1-0_formaldehyde-O-1-0_SH2-S-0-0_5,32.80921936035156,37.57926940917969
co/2/co_2_SH2-S-0-0_SH2-S-0-0_SH2-S-0-0_thiocyanate-S-0-d1_SH2-S-0-0_thiocyanate-S-0-d1_4,39.76615905761719,36.48109436035156
cr/2/cr_2_cs-C-0-0_cs-C-0-0_cs-C-0-0_cs-C-0-0_carbonyl-C-0-0_carbonyl-C-0-0_5,52.115478515625,39.70512390136719
mn/3/mn_3_SH2-S-0-0_SH2-S-0-0_SH2-S-0-0_SH2-S-0-0_fluoride-F-0-d1_fluoride-F-0-d1_5,,120.00358581542969
co/3/co_3_pyridine-N-3-0_pyridine-N-3-0_pyridine-N-3-0_pyridine-N-3-0_ammonia-N-0-0_ammonia-N-0-0_5,23.647689819335938,20.374298095703125
co/2/co_2_phosphine-P-0-0_phosphine-P-0-0_phosphine-P-0-0_phosphine-P-0-0_phosphine-P-0-0_cs-C-0-0_4,46.32850646972656,42.99171447753906
fe/2/other/fe_2_imidazole-N-2-0_imidazole-N-2-0_imidazole-N-2-0_acetonitrile-N-1-0_imidazole-N-2-0_acetonitrile-N-1-0_5,32.370758056640625,36.380157470703125
mn/2/mn_2_formaldehyde-O-1-0_formaldehyde-O-1-0_formaldehyde-O-1-0_water-O-0-0_formaldehyde-O-1-0_water-O-0-0_6,45.9771728515625,
fe/3/fe_3_acetonitrile-N-1-0_acetonitrile-N-1-0_acetonitrile-N-1-0_carbonyl-C-0-0_acetonitrile-N-1-0_carbonyl-C-0-0_6,51.386260986328125,49.85404968261719
fe/2/a_f/fe_2_acetonitrile-N-1-0_acetonitrile-N-1-0_acetonitrile-N-1-0_cs-C-0-0_cs-C-0-0_cs-C-0-0_5,32.23014831542969,34.2706298828125
fe/2/other/fe_2_water-O-0-0_water-O-0-0_water-O-0-0_acetonitrile-N-1-0_water-O-0-0_acetonitrile-N-1-0_5,30.778732299804688,36.98753356933594
cr/2/cr_2_cyanide-C-0-d1_cyanide-C-0-d1_cyanide-C-0-d1_hydroxyl-O-0-d1_cyanide-C-0-d1_hydroxyl-O-0-d1_5,6.4891815185546875,-7.9843902587890625
fe/2/a_f/fe_2_acetonitrile-N-1-0_acetonitrile-N-1-0_acetonitrile-N-1-0_acetonitrile-N-1-0_cs-C-0-0_cs-C-0-0_5,31.530380249023438,34.59419250488281
cr/2/cr_2_cs-C-0-0_cs-C-0-0_water-O-0-0_water-O-0-0_cs-C-0-0_water-O-0-0_5,30.367279052734375,-0.0624847412109375
co/2/co_2_pyridine-N-3-0_pyridine-N-3-0_pyridine-N-3-0_pyridine-N-3-0_pyridine-N-3-0_misc-C-4-0_4,50.46195983886719,47.54852294921875
fe/2/a_f/fe_2_furan-O-0-0_furan-O-0-0_furan-O-0-0_furan-O-0-0_furan-O-0-0_water-O-0-0_5,28.470306396484375,36.013946533203125
mn/3/mn_3_imidazole-N-2-0_imidazole-N-2-0_imidazole-N-2-0_imidazole-N-2-0_thiocyanate-S-0-d1_thiocyanate-S-0-d1_5,24.332504272460938,13.27117919921875
fe/2/other/fe_2_water-O-0-0_water-O-0-0_water-O-0-0_pyridine-N-3-0_water-O-0-0_pyridine-N-3-0_5,31.374130249023438,36.8316650390625
cr/2/cr_2_formaldehyde-O-1-0_formaldehyde-O-1-0_formaldehyde-O-1-0_formaldehyde-O-1-0_formaldehyde-O-1-0_SH2-S-0-0_5,27.542190551757812,17.735824584960938
fe/2/other/fe_2_carbonyl-C-0-0_carbonyl-C-0-0_carbonyl-C-0-0_cs-C-0-0_cs-C-0-0_cs-C-0-0_5,35.41221618652344,36.985015869140625
fe/3/fe_3_cyanide-C-0-d1_cyanide-C-0-d1_cyanide-C-0-d1_fluoride-F-0-d1_cyanide-C-0-d1_fluoride-F-0-d1_6,45.33653259277344,53.1781005859375
cr/2/cr_2_amine-N-0-d1_amine-N-0-d1_amine-N-0-d1_carbonyl-C-0-0_amine-N-0-d1_carbonyl-C-0-0_5,24.475021362304688,5.7317352294921875
co/2/co_2_cs-C-0-0_cs-C-0-0_cs-C-0-0_SH2-S-0-0_cs-C-0-0_SH2-S-0-0_4,37.81013488769531,35.39276123046875
co/2/co_2_misc-C-4-0_misc-C-4-0_SH2-S-0-0_SH2-S-0-0_misc-C-4-0_SH2-S-0-0_4,40.82908630371094,38.44642639160156
mn/3/mn_3_cyanide-C-0-d1_cyanide-C-0-d1_cyanide-C-0-d1_formaldehyde-O-1-0_formaldehyde-O-1-0_formaldehyde-O-1-0_5,62.277374267578125,53.494873046875
fe/2/other/fe_2_cs-C-0-0_cs-C-0-0_ome2-O-0-0_ome2-O-0-0_cs-C-0-0_ome2-O-0-0_5,32.525482177734375,39.49592590332031
mn/2/mn_2_misc-C-4-0_misc-C-4-0_misc-C-4-0_misc-C-4-0_misc-C-4-0_amine-N-0-d1_6,53.31672668457031,52.96638488769531
cr/3/cr_3_acetonitrile-N-1-0_acetonitrile-N-1-0_acetonitrile-N-1-0_ammonia-N-0-0_acetonitrile-N-1-0_ammonia-N-0-0_4,,
mn/2/mn_2_imidazole-N-2-0_imidazole-N-2-0_imidazole-N-2-0_imidazole-N-2-0_imidazole-N-2-0_amine-N-0-d1_6,32.98583984375,28.776626586914062
cr/2/cr_2_formaldehyde-O-1-0_formaldehyde-O-1-0_formaldehyde-O-1-0_formaldehyde-O-1-0_phosphine-P-0-0_phosphine-P-0-0_5,29.074325561523438,-744.9131774902344
fe/2/a_f/fe_2_acetonitrile-N-1-0_acetonitrile-N-1-0_acetonitrile-N-1-0_acetonitrile-N-1-0_acetonitrile-N-1-0_SH2-S-0-0_5,30.428543090820312,33.02177429199219
fe/2/other/fe_2_carbonyl-C-0-0_carbonyl-C-0-0_carbonyl-C-0-0_carbonyl-C-0-0_fluoride-F-0-d1_fluoride-F-0-d1_5,31.558609008789062,38.592987060546875
fe/3/fe_3_phosphine-P-0-0_phosphine-P-0-0_phosphine-P-0-0_phosphine-P-0-0_cs-C-0-0_cs-C-0-0_6,42.69477844238281,36.416473388671875
cr/3/cr_3_cs-C-0-0_cs-C-0-0_cs-C-0-0_fluoride-F-0-d1_fluoride-F-0-d1_fluoride-F-0-d1_4,48.98521423339844,36.21833801269531
cr/2/cr_2_phosphine-P-0-0_phosphine-P-0-0_phosphine-P-0-0_phosphine-P-0-0_ammonia-N-0-0_ammonia-N-0-0_5,44.62471008300781,27.6605224609375
co/3/co_3_pyridine-N-3-0_pyridine-N-3-0_pyridine-N-3-0_pyridine-N-3-0_fluoride-F-0-d1_fluoride-F-0-d1_5,28.27484130859375,28.961715698242188
fe/2/other/fe_2_ome2-O-0-0_ome2-O-0-0_ome2-O-0-0_ome2-O-0-0_ome2-O-0-0_hydroxyl-O-0-d1_5,22.787857055664062,36.614532470703125
mn/2/mn_2_ammonia-N-0-0_ammonia-N-0-0_ammonia-N-0-0_ammonia-N-0-0_ammonia-N-0-0_hydroxyl-O-0-d1_6,57.2442626953125,58.42002868652344
mn/3/mn_3_ome2-O-0-0_ome2-O-0-0_ome2-O-0-0_ome2-O-0-0_pyridine-N-3-0_pyridine-N-3-0_5,59.67765808105469,47.57881164550781
mn/2/mn_2_misc-C-4-0_misc-C-4-0_misc-C-4-0_SH2-S-0-0_misc-C-4-0_SH2-S-0-0_6,50.6866455078125,47.175140380859375
fe/3/fe_3_imidazole-N-2-0_imidazole-N-2-0_imidazole-N-2-0_pyridine-N-3-0_imidazole-N-2-0_pyridine-N-3-0_6,,
mn/2/mn_2_pyridine-N-3-0_pyridine-N-3-0_pyridine-N-3-0_pyridine-N-3-0_cs-C-0-0_cs-C-0-0_6,49.85939025878906,35.09346008300781
cr/2/cr_2_misc-C-4-0_misc-C-4-0_misc-C-4-0_misc-C-4-0_formaldehyde-O-1-0_formaldehyde-O-1-0_5,52.95631408691406,11.724014282226562
cr/2/cr_2_misc-C-4-0_misc-C-4-0_misc-C-4-0_acetonitrile-N-1-0_misc-C-4-0_acetonitrile-N-1-0_5,10.92681884765625,4.200439453125
fe/2/other/fe_2_cs-C-0-0_cs-C-0-0_cs-C-0-0_thiocyanate-S-0-d1_thiocyanate-S-0-d1_thiocyanate-S-0-d1_5,29.22607421875,27.603378295898438
fe/3/fe_3_carboxyl-O-1-d1_carboxyl-O-1-d1_carboxyl-O-1-d1_fluoride-F-0-d1_carboxyl-O-1-d1_fluoride-F-0-d1_6,43.63090515136719,
co/2/co_2_pyridine-N-3-0_pyridine-N-3-0_pyridine-N-3-0_pyridine-N-3-0_pyridine-N-3-0_carboxyl-O-1-d1_4,,
fe/2/other/fe_2_misc-C-4-0_misc-C-4-0_misc-C-4-0_chloride-Cl-0-d1_misc-C-4-0_chloride-Cl-0-d1_5,32.103118896484375,34.784698486328125
mn/2/mn_2_thiocyanate-S-0-d1_thiocyanate-S-0-d1_thiocyanate-S-0-d1_thiocyanate-S-0-d1_imidazole-N-2-0_imidazole-N-2-0_6,56.728668212890625,50.76087951660156
fe/2/a_f/fe_2_furan-O-0-0_furan-O-0-0_furan-O-0-0_furan-O-0-0_furan-O-0-0_cs-C-0-0_5,29.122543334960938,35.117340087890625
co/2/co_2_pyridine-N-3-0_pyridine-N-3-0_water-O-0-0_water-O-0-0_pyridine-N-3-0_water-O-0-0_4,53.58673095703125,50.16212463378906
mn/3/mn_3_chloride-Cl-0-d1_chloride-Cl-0-d1_chloride-Cl-0-d1_chloride-Cl-0-d1_water-O-0-0_water-O-0-0_5,,
cr/2/cr_2_acetonitrile-N-1-0_acetonitrile-N-1-0_acetonitrile-N-1-0_acetonitrile-N-1-0_acetonitrile-N-1-0_misc-C-4-0_5,7.37579345703125,-7.1695709228515625
cr/2/cr_2_acetonitrile-N-1-0_acetonitrile-N-1-0_acetonitrile-N-1-0_acetonitrile-N-1-0_acetonitrile-N-1-0_water-O-0-0_5,22.676315307617188,7.25250244140625
mn/2/mn_2_chloride-Cl-0-d1_chloride-Cl-0-d1_chloride-Cl-0-d1_pyridine-N-3-0_pyridine-N-3-0_pyridine-N-3-0_6,,
fe/2/other/fe_2_ome2-O-0-0_ome2-O-0-0_ome2-O-0-0_ome2-O-0-0_chloride-Cl-0-d1_chloride-Cl-0-d1_5,31.020431518554688,37.351226806640625
mn/3/mn_3_cs-C-0-0_cs-C-0-0_cs-C-0-0_imidazole-N-2-0_imidazole-N-2-0_imidazole-N-2-0_5,,
mn/2/mn_2_acetonitrile-N-1-0_acetonitrile-N-1-0_acetonitrile-N-1-0_phosphine-P-0-0_phosphine-P-0-0_phosphine-P-0-0_6,44.94987487792969,42.6422119140625
fe/3/fe_3_water-O-0-0_water-O-0-0_water-O-0-0_water-O-0-0_water-O-0-0_cs-C-0-0_6,47.23838806152344,43.11004638671875
fe/2/a_f/fe_2_ammonia-N-0-0_ammonia-N-0-0_ome2-O-0-0_ome2-O-0-0_ammonia-N-0-0_ome2-O-0-0_5,31.985626220703125,37.649688720703125
mn/3/mn_3_ammonia-N-0-0_ammonia-N-0-0_ammonia-N-0-0_carbonyl-C-0-0_ammonia-N-0-0_carbonyl-C-0-0_5,27.605056762695312,13.42132568359375
fe/2/other/fe_2_ome2-O-0-0_ome2-O-0-0_ome2-O-0-0_misc-C-4-0_misc-C-4-0_misc-C-4-0_5,32.04193115234375,36.58958435058594
mn/3/mn_3_cs-C-0-0_cs-C-0-0_ome2-O-0-0_ome2-O-0-0_cs-C-0-0_ome2-O-0-0_5,,
co/2/co_2_phosphine-P-0-0_phosphine-P-0-0_phosphine-P-0-0_phosphine-P-0-0_phosphine-P-0-0_hydroxyl-O-0-d1_4,38.983154296875,38.282623291015625
fe/2/other/fe_2_water-O-0-0_water-O-0-0_water-O-0-0_water-O-0-0_formaldehyde-O-1-0_formaldehyde-O-1-0_5,32.427825927734375,39.24171447753906
fe/2/other/fe_2_ome2-O-0-0_ome2-O-0-0_ome2-O-0-0_ome2-O-0-0_furan-O-0-0_furan-O-0-0_5,28.574447631835938,36.57493591308594
mn/2/mn_2_furan-O-0-0_furan-O-0-0_furan-O-0-0_furan-O-0-0_ammonia-N-0-0_ammonia-N-0-0_6,91.47789001464844,97.24357604980469
co/2/co_2_acetonitrile-N-1-0_acetonitrile-N-1-0_acetonitrile-N-1-0_pyridine-N-3-0_acetonitrile-N-1-0_pyridine-N-3-0_4,25.098953247070312,23.486862182617188
cr/2/cr_2_formaldehyde-O-1-0_formaldehyde-O-1-0_formaldehyde-O-1-0_formaldehyde-O-1-0_formaldehyde-O-1-0_water-O-0-0_5,27.0428466796875,14.289398193359375
fe/3/fe_3_cs-C-0-0_cs-C-0-0_cs-C-0-0_pyridine-N-3-0_cs-C-0-0_pyridine-N-3-0_6,44.05784606933594,
co/3/co_3_chloride-Cl-0-d1_chloride-Cl-0-d1_chloride-Cl-0-d1_chloride-Cl-0-d1_misc-C-4-0_misc-C-4-0_5,20.777130126953125,28.365936279296875
cr/3/cr_3_ammonia-N-0-0_ammonia-N-0-0_ome2-O-0-0_ome2-O-0-0_ammonia-N-0-0_ome2-O-0-0_4,41.39961242675781,0.74554443359375
fe/2/other/fe_2_carbonyl-C-0-0_carbonyl-C-0-0_carbonyl-C-0-0_carbonyl-C-0-0_carbonyl-C-0-0_amine-N-0-d1_5,21.767501831054688,26.4599609375
fe/3/fe_3_cyanide-C-0-d1_cyanide-C-0-d1_cyanide-C-0-d1_cyanide-C-0-d1_cyanide-C-0-d1_water-O-0-0_6,47.48283386230469,50.602874755859375
cr/3/cr_3_ammonia-N-0-0_ammonia-N-0-0_ammonia-N-0-0_thiocyanate-S-0-d1_thiocyanate-S-0-d1_thiocyanate-S-0-d1_4,,
co/2/co_2_pyridine-N-3-0_pyridine-N-3-0_pyridine-N-3-0_pyridine-N-3-0_ome2-O-0-0_ome2-O-0-0_4,52.00714111328125,36.61674499511719
fe/2/other/fe_2_phosphine-P-0-0_phosphine-P-0-0_phosphine-P-0-0_chloride-Cl-0-d1_phosphine-P-0-0_chloride-Cl-0-d1_5,-292.0555114746094,38.916778564453125
co/2/co_2_acetonitrile-N-1-0_acetonitrile-N-1-0_acetonitrile-N-1-0_acetonitrile-N-1-0_imidazole-N-2-0_imidazole-N-2-0_4,6.5410614013671875,38.08860778808594
co/3/co_3_imidazole-N-2-0_imidazole-N-2-0_imidazole-N-2-0_imidazole-N-2-0_hydroxyl-O-0-d1_hydroxyl-O-0-d1_5,25.4034423828125,26.031112670898438
fe/2/a_f/fe_2_formaldehyde-O-1-0_formaldehyde-O-1-0_formaldehyde-O-1-0_formaldehyde-O-1-0_formaldehyde-O-1-0_ome2-O-0-0_5,31.424560546875,41.2872314453125
mn/3/mn_3_ammonia-N-0-0_ammonia-N-0-0_ammonia-N-0-0_fluoride-F-0-d1_fluoride-F-0-d1_fluoride-F-0-d1_5,30.892562866210938,20.143585205078125
fe/2/other/fe_2_water-O-0-0_water-O-0-0_water-O-0-0_water-O-0-0_water-O-0-0_misc-C-4-0_5,40.5535888671875,43.987274169921875
co/2/co_2_phosphine-P-0-0_phosphine-P-0-0_phosphine-P-0-0_phosphine-P-0-0_formaldehyde-O-1-0_formaldehyde-O-1-0_4,39.54017639160156,36.515045166015625
co/3/co_3_phosphine-P-0-0_phosphine-P-0-0_phosphine-P-0-0_phosphine-P-0-0_phosphine-P-0-0_formaldehyde-O-1-0_5,12.606048583984375,5.11566162109375
mn/3/mn_3_furan-O-0-0_furan-O-0-0_furan-O-0-0_furan-O-0-0_hydroxyl-O-0-d1_hydroxyl-O-0-d1_5,15.810089111328125,10.481491088867188
co/2/co_2_phosphine-P-0-0_phosphine-P-0-0_phosphine-P-0-0_phosphine-P-0-0_phosphine-P-0-0_imidazole-N-2-0_4,49.96063232421875,48.18275451660156
co/2/co_2_pyridine-N-3-0_pyridine-N-3-0_pyridine-N-3-0_pyridine-N-3-0_formaldehyde-O-1-0_formaldehyde-O-1-0_4,40.438995361328125,37.325897216796875
