,features
Fe_CACDIW_comp_0_111111,
Co_ENGCOA_comp_0_222,
Fe_SELFAQ_comp_1_111111,
Co_DABUCO_comp_1_33,
Fe_XILLEK_comp_0_111111,
Co_BOTQEH_comp_0_222,
Fe_EVOKOP_comp_1_111111,
Fe_GLYCFE_comp_2_111111,
Fe_EMEBEF_comp_0_111111,
Co_DAYKOD_comp_1_2211,
Fe_SEDQOI_comp_0_111111,
Fe_KAWTUX_comp_2_33,
Fe_PAZXAP_comp_0_6,
Co_ADETCO_comp_0_3111,
Mn_AQAWIY_comp_0_411,
Fe_QAXDOJ_comp_2_222,
Co_GASCEI_comp_0_33,
Fe_KIJNEW_comp_4_6,
Fe_MICYFE10_comp_1_111111,
Fe_XIQFIN_comp_1_111111,
Mn_MNACAC_comp_0_2211,
Fe_KUNKEJ_comp_0_111111,
Mn_LEZMEK_comp_1_111111,
Fe_NOZZOU_comp_1_111111,
Fe_AQIYII_comp_0_21111,
Mn_FAMBOL_comp_1_111111,
Fe_VOBHUP_comp_0_2211,
Fe_BQIFEC10_comp_0_21111,
Co_DATMCO_comp_1_111111,
Co_AFULAO_comp_0_411,
Fe_WABHIR_comp_0_111111,
Co_CAASPC_comp_3_33,
Co_ZEZJAP_comp_0_222,
Fe_GEQPOH_comp_0_33,
Fe_AMAVOB_comp_0_111111,
Fe_RUHLUB_comp_0_411,
Fe_NEJBOT_comp_0_111111,
Fe_DETTUR_comp_0_33,
Fe_ACAKOF_comp_0_111111,
Fe_CACDOC_comp_1_111111,
Co_PODWAG_comp_0_222,
Co_YICJAV_comp_0_411,
Co_LOFFUH_comp_0_321,
Fe_EYEWOV_comp_0_33,
Co_DOCZOK_comp_0_2211,
Mn_VUMSON_comp_0_111111,
Co_ILASAR_comp_0_51,
Co_VARVOA_comp_0_51,
Co_SEVMUB_comp_0_42,
Co_DETCON_comp_0_33,
Mn_MEDHOS_comp_0_3111,
Fe_CEHHON_comp_0_111111,
Co_CEWTUT_comp_0_42,
Fe_HIYRUE_comp_0_111111,
Fe_NAXPAD_comp_0_33,
Co_QOJFOK_comp_0_321,
Fe_SANLAU_comp_0_6,
Co_LUJXAP_comp_0_321,
Fe_XOPSEB_comp_0_411,
Mn_FARTOH_comp_0_3111,
Co_CULQIJ_comp_0_411,
Fe_AQIYOO_comp_1_3111,
Fe_NUBTOW_comp_0_111111,
Fe_SASXES_comp_2_111111,
